*Date,*Time Start,*Time End,Tracks,*Session Title,Room/Location,Description,Speakers,Authors,Live Streaming URL,Recorded Video URL,Session or Sub-session(Sub),Tags,Description_English,Description_Original
12/24/2025,10:00 AM,11:00 AM,English Knowledge Retreat,The Reality of Sufism-Dealing with Legacy of the Righteous,Hyatt Regency Ballroom,"بين حقيقة التصوّف وأفعال بعض المتصوّفة. نظرة عامة على الحكم العطائية وكيف نتعامل مع أقوال الصالحين“Between the true essence of Sufism and the actions of some Sufis:An overview of the Hikam of Ibn ʿAṭā’ Allāh and how we should approach the sayings of the righteous.” In the vast landscape of Islamic spirituality, Sufism represents the inward dimension of faith— the pursuit of Ihsan and the refinement of the heart. Yet its path is often misunderstood, suspended between the noble ideals of its early tradition and the problematic practices that later appeared in some circles.This session offers a calm, balanced, and practical exploration of that tension. We will clarify the authentic essence of Tasawwuf, grounded firmly in the Qur’an and Sunnah, and distinguish it from the blameworthy innovations that must be avoided.This year’s theme brings a unique opportunity as we delve into selected wisdoms from the renowned sage Ibn ʿAṭā’ Allāh. Some of you may know his sayings well, while others may wonder: Why study the reflections of this scholar? Why not limit ourselves to the sayings of the Prophet ﷺ, or the teachings of the Companions? And more broadly, how should we approach the words of our righteous predecessors—whether Ibn ʿAṭā’ Allāh, Ibn Taymiyyah, Ibn al-Qayyim, Imam Aḥmad, or even a beloved teacher who has passed on?This introductory session aims to establish the right mindset: understanding how their lives and insights can inspire spiritual growth while remembering that they are not sources of law.In the sessions ahead, we will examine one wisdom from Ibn ʿAṭā’ Allāh at a time—using each as a lens to recalibrate our thinking and transform our daily practice.",Suhaib Webb,,,Session,,,"Between the fact of acting and the actions of some sort. Overview of circumstantial judgment and how we deal with the words of the good. etween the true essence of Sufism and the actions of some Sufis:An overview of the Hikam of Ibn ʿA Palau’ Allāāh and how we should approach the sayings of the righteous.” In the vast landscape of Islamic spirituality, Sufism represents the inward dimension of faith— the pursuit of Ihsan and the refinement of the heart. Yet its path is often misunderstood, suspended between the noble ideals of its early tradition and the problematic practices that later appeared in some circles. This session offers a calm, balanced, and practical exploration of that tension. We will clarify the authentic essence of Tasawwuf, grounded firmly in the Qur’an and Sunnah, and distinguish it from the blameworthy innovations that must be avoided. This year’s theme brings a unique opportunity as we delve into selected wisdoms from the renowned sage Ibn ʿA desert’ Allāh. Some of you may know his sayings well, while others may wonder: Why study the reflections of this scholar? Why not limit ourselves to the introductory growth of the Prophet praying God on it and peace, or the teachings of the Compan thinking? And more broadly, how should we approach the words of our righteous predecessors—whether Ibn ṭA infantilāh, Ibn Taye.","بين حقيقة التصوّف وأفعال بعض المتصوّفة. نظرة عامة على الحكم العطائية وكيف نتعامل مع أقوال الصالحين“Between the true essence of Sufism and the actions of some Sufis:An overview of the Hikam of Ibn ʿAṭā’ Allāh and how we should approach the sayings of the righteous.” In the vast landscape of Islamic spirituality, Sufism represents the inward dimension of faith— the pursuit of Ihsan and the refinement of the heart. Yet its path is often misunderstood, suspended between the noble ideals of its early tradition and the problematic practices that later appeared in some circles.This session offers a calm, balanced, and practical exploration of that tension. We will clarify the authentic essence of Tasawwuf, grounded firmly in the Qur’an and Sunnah, and distinguish it from the blameworthy innovations that must be avoided.This year’s theme brings a unique opportunity as we delve into selected wisdoms from the renowned sage Ibn ʿAṭā’ Allāh. Some of you may know his sayings well, while others may wonder: Why study the reflections of this scholar? Why not limit ourselves to the sayings of the Prophet ﷺ, or the teachings of the Companions? And more broadly, how should we approach the words of our righteous predecessors—whether Ibn ʿAṭā’ Allāh, Ibn Taymiyyah, Ibn al-Qayyim, Imam Aḥmad, or even a beloved teacher who has passed on?This introductory session aims to establish the right mindset: understanding how their lives and insights can inspire spiritual growth while remembering that they are not sources of law.In the sessions ahead, we will examine one wisdom from Ibn ʿAṭā’ Allāh at a time—using each as a lens to recalibrate our thinking and transform our daily practice."
12/24/2025,11:00 AM,12:00 PM,English Knowledge Retreat,The Unplanted Seed - Bury Your Ego and Grow,Hyatt Regency Ballroom,"""إدفن وجودك في أرض الخمول فما نبت مما لم يدفن لا يتم نتاجه"" “Bury your existence in the earth of obscurity, for whatever sprouts forth, without having first been buried, flowers imperfectly.” In a culture driven by visibility, recognition, and instant validation, this teaching invites us to embrace hiddenness, humility, and sincere inner work. Imam Ibn ʿAṭā’ Allāh reminds us that just as a seed must be buried before it can grow, our spiritual growth demands periods of obscurity—moments where our deeds, struggles, and efforts remain unseen except by Allah. This session will unpack what it means to cultivate sincerity, to grow away from the spotlight, and to allow Allah—not people—to develop our character and elevate our rank.",Yaser Birjas,,,Session,,,"""Bury your existence in the earth of obscurity, for whatever sprouts forth, without having first been buried, flowers imperfectly struggle.” In a culture driven by visibility, recognition, and instant validation, this teaching invites us to embrace hiddenness, humility, and sincere periods inner work. This session will unpack what it means to cultivate sincerity, to grow away from the spotlight, and to allow Allahnot— people—to develop our character and elevate our rank.","""إدفن وجودك في أرض الخمول فما نبت مما لم يدفن لا يتم نتاجه"" “Bury your existence in the earth of obscurity, for whatever sprouts forth, without having first been buried, flowers imperfectly.” In a culture driven by visibility, recognition, and instant validation, this teaching invites us to embrace hiddenness, humility, and sincere inner work. Imam Ibn ʿAṭā’ Allāh reminds us that just as a seed must be buried before it can grow, our spiritual growth demands periods of obscurity—moments where our deeds, struggles, and efforts remain unseen except by Allah. This session will unpack what it means to cultivate sincerity, to grow away from the spotlight, and to allow Allah—not people—to develop our character and elevate our rank."
12/24/2025,02:00 PM,03:00 PM,English Knowledge Retreat,From Fog to Light - Purifying the Heart for Divine Connection,Hyatt Regency Ballroom,"""كيف يشرق قلب صور الأكوان منطبعة في مرآته؟ أم كيف يرحل إلى الله، وهو مكبل بشهواته؟ أم كيف يطمع أن يدخل حضرة ألله، وهو لم يتطهر من جنابة غفلاته؟ أم كيف يرجو أن يفهم دقائق الأسرار، وهو لم يتب من هفواته؟"" ""How can your heart shine with fog imprinted on its mirror? How can it journey to God while shackled by its desires? How can it hope to enter God's presence while it has not purified itself from the impurity of its negligence? How can it hope to understand the subtleties of secrets while it has not repented from its lapses?"" In this session, we reflect on one of Imam Ibn ʿAṭā’ Allāh’s most direct and soul-awakening wisdoms. Through a series of probing rhetorical questions—“How can your heart shine…?” “How can it journey…?”—he confronts the spiritual barriers that prevent a believer from drawing near to Allah. These lines challenge us to examine the internal “rust” that dims our hearts, the desires that restrain our spiritual journey, the negligence that blocks us from divine closeness, and the sins from which we have yet to repent. This wisdom is not meant to condemn, but to awaken: to push us toward cleansing, discipline, self-awareness, and sincere tawbah as the necessary foundations for spiritual illumination.",Dr. Haifaa Younis,,,Session,,,"""How does the heart of the colour images shine in his mirror? Or how does he go to God, and he's tied to his lust? Or how can he get in, Lord, and he hasn't cleaned out of his own bush? Or how do you hope to understand the minutes of secrets, and he has not purified himself from the impurity of its negligence? How can it journey to God while shackled by its desires? How can it hope to enter God's presence while it has not reflect purified itself from the impurity of its negligence? How can it hope to understand the subtleties of secret souls while I' it has not repented Through a series of probing rhetorical questions— “How can your heart shine...” “How can it journey...?”—he confronts the spiritual barriers that prevent a believer from drawing near to Allah. These lines challenge us to examine the internal “rust” that dims our hearts, the desires that restrain our spiritual journey, the negligence that blocks us from divine closeness, and the sins from which we have yet to repent. This wisdom is not meant to condemn, but to awaken: to push us toward cleansing, discipline, self-awareness, and sincere tawbah as the necessary foundations for spiritual illumination.","""كيف يشرق قلب صور الأكوان منطبعة في مرآته؟ أم كيف يرحل إلى الله، وهو مكبل بشهواته؟ أم كيف يطمع أن يدخل حضرة ألله، وهو لم يتطهر من جنابة غفلاته؟ أم كيف يرجو أن يفهم دقائق الأسرار، وهو لم يتب من هفواته؟"" ""How can your heart shine with fog imprinted on its mirror? How can it journey to God while shackled by its desires? How can it hope to enter God's presence while it has not purified itself from the impurity of its negligence? How can it hope to understand the subtleties of secrets while it has not repented from its lapses?"" In this session, we reflect on one of Imam Ibn ʿAṭā’ Allāh’s most direct and soul-awakening wisdoms. Through a series of probing rhetorical questions—“How can your heart shine…?” “How can it journey…?”—he confronts the spiritual barriers that prevent a believer from drawing near to Allah. These lines challenge us to examine the internal “rust” that dims our hearts, the desires that restrain our spiritual journey, the negligence that blocks us from divine closeness, and the sins from which we have yet to repent. This wisdom is not meant to condemn, but to awaken: to push us toward cleansing, discipline, self-awareness, and sincere tawbah as the necessary foundations for spiritual illumination."
12/24/2025,03:30 PM,04:30 PM,English Knowledge Retreat,The Company You Keep - How Friends Shape Your Faith,Hyatt Regency Ballroom,"""لا تصحب من لا ينهضك حاله، ولا يدلك على الله مقاله"" “Do not befriend someone whose character does not uplift you, nor whose words do not guide you to God.” This wisdom teaches that friends are not just social company—they are spiritual influences who either elevate us or pull us down. Our hearts are shaped by the people we allow closest to us. Imam Ibn ʿAṭā’ Allāh calls us to choose companions who strengthen our character, remind us of Allah, and help us grow—not those who distract, drain, or derail us. This session highlights the criteria of beneficial friendship, the dangers of spiritually empty companionship, and practical steps to cultivate relationships that nourish faith.",Yaser Birjas,,,Session,,,"""Do not befriend someone whose character does not uplift you, nor whose words do not guide you to God.” This wisdom teaches that friends are not just social company—they are spiritual influences who either elevate us or pull us down. This session highlights the criteria of beneficial friendship, the dangers of spiritually empty companionship, and practical steps to cultivate relationships.","""لا تصحب من لا ينهضك حاله، ولا يدلك على الله مقاله"" “Do not befriend someone whose character does not uplift you, nor whose words do not guide you to God.” This wisdom teaches that friends are not just social company—they are spiritual influences who either elevate us or pull us down. Our hearts are shaped by the people we allow closest to us. Imam Ibn ʿAṭā’ Allāh calls us to choose companions who strengthen our character, remind us of Allah, and help us grow—not those who distract, drain, or derail us. This session highlights the criteria of beneficial friendship, the dangers of spiritually empty companionship, and practical steps to cultivate relationships that nourish faith."
12/24/2025,05:30 PM,06:30 PM,English Knowledge Retreat,"""I'll Do It When I'm Free"" – The Ultimate Deception",Hyatt Regency Ballroom,"""إحالتك الأعمال على وجود الفراغ - من رعونات النفس"" “The sign of a reckless soul is one that delays good deeds thinking it has free time.” This wisdom confronts a universal human weakness—procrastination in worship, delayed repentance, postponing growth, and assuming we have endless tomorrows. Ibn ʿAṭā’ Allāh calls this delay not just laziness, but recklessness, because it denies the fragility of life and the urgency of the spiritual path. This session explores why the soul delays good, how false assumptions about “future time” weaken our faith, and practical ways to break the cycle of postponement and step into immediate action.",Suhaib Webb,,,Session,,,"""The sign of a reckless soul is one that delays good deeds thinking it has free time.” This wisdom confronts a universal human weakness—procrastination in worship, delayed repentance, postponing growth, and assuming we have endless tomorrows. Ibn ʿA defeat’ Allāh calls this delay not just laziness, but recklessness, because it denies the fragility of life and the urgency of the spiritual path. This session explores why the soul delays good, how false assumptions about “future time” weaken our faith, and practical ways to break the cycle of postponement and step into immediate action.","""إحالتك الأعمال على وجود الفراغ - من رعونات النفس"" “The sign of a reckless soul is one that delays good deeds thinking it has free time.” This wisdom confronts a universal human weakness—procrastination in worship, delayed repentance, postponing growth, and assuming we have endless tomorrows. Ibn ʿAṭā’ Allāh calls this delay not just laziness, but recklessness, because it denies the fragility of life and the urgency of the spiritual path. This session explores why the soul delays good, how false assumptions about “future time” weaken our faith, and practical ways to break the cycle of postponement and step into immediate action."
12/24/2025,06:30 PM,07:30 PM,English Knowledge Retreat,The Root of All Good - A Lesson in Spiritual Dissatisfaction,Hyatt Regency Ballroom,"""أصل كل معصية وغفلة وشهوة الرضا عن النفس، وأصل كل طاعة ويقظة وعفة عدم الرضى عنها""The root of all sin, negligence, and lust is self-satisfaction. The root of all obedience, vigilance, and chastity is dissatisfaction with oneself. Through this wisdom, Ibn ʿAṭā’ Allāh teaches us that spiritual downfall does not begin with a major sin—it begins with a subtle inner attitude: being pleased with oneself. When a person becomes overly impressed with their own deeds, excuses their own faults, or stops seeing the need to grow, the heart opens the door to laziness, desires, and disobedience. On the other hand, a believer who remains humble, self-aware, and inwardly dissatisfied with their flaws is protected from arrogance and motivated toward constant improvement. This session explores how self-satisfaction blinds the heart, how healthy self-critique fuels spiritual excellence, and how to cultivate humility that leads to closeness with Allah.",Zaynab Ansari,,,Session,,,"""The root of all sin, negligence, and lust is self-satisfaction."" The root of all obedience, vigilance, and chastity is dissatisfaction with oneself. Through this wisdom, Ibn ʿA infant’ Allāh teaches us that spiritual downfall does not begin with a major sin—it begins with a subtle inner attitude: being pleased with oneself. When a person becomes overly impressed with their own deeds, excuses their own faults, or stops seeing the need to grow, the heart opens the door to laziness, desires, and disobedience. On the other hand, a believer who remains humble, self-aware, and inwardly dissatisfied with their flaws is pr otected from arrogance and motivated toward constant improvement. This session explores how self-satisfaction blinds the heart, how healthy self-critique fuels spiritual excellence, and how to cultivate humility that leads to closeness with Allah.","""أصل كل معصية وغفلة وشهوة الرضا عن النفس، وأصل كل طاعة ويقظة وعفة عدم الرضى عنها""The root of all sin, negligence, and lust is self-satisfaction. The root of all obedience, vigilance, and chastity is dissatisfaction with oneself. Through this wisdom, Ibn ʿAṭā’ Allāh teaches us that spiritual downfall does not begin with a major sin—it begins with a subtle inner attitude: being pleased with oneself. When a person becomes overly impressed with their own deeds, excuses their own faults, or stops seeing the need to grow, the heart opens the door to laziness, desires, and disobedience. On the other hand, a believer who remains humble, self-aware, and inwardly dissatisfied with their flaws is protected from arrogance and motivated toward constant improvement. This session explores how self-satisfaction blinds the heart, how healthy self-critique fuels spiritual excellence, and how to cultivate humility that leads to closeness with Allah."
12/24/2025,07:30 PM,08:20 PM,English Knowledge Retreat,Panel Discussion [The Intimacy of Isolation - Finding Allah in Loneliness and Prayer],Hyatt Regency Ballroom,"""متى أوحشك من خلقه فأعلم أنه يريد أن يفتح لك باب الإنس به. متى أطلق لسانك بالطلب فأعلم أنه يريد أن يعطيك""When He makes you feel (spiritually) lonely among His creation, know that He wants to open the door of intimacy with Him for you. When He loosens your tongue in supplication, know that He wants to give to you. This wisdom reframes emotional and spiritual experiences that we often interpret as negative—loneliness, isolation, disconnection, or sudden waves of duʿā’. Imam Ibn ʿAṭā’ Allāh teaches that these moments are divine invitations, not spiritual failures. When Allah removes the comfort of creation from your heart, it is because He wants your heart to find comfort in Him. And when Allah inspires you to make duʿā’, it is because He has already willed to give you something through it. This session helps believers understand these subtle divine gestures, recognize moments of spiritual nearness, and respond to them with gratitude and presence.",Zaynab Ansari; Dr. Haifaa Younis,,,Session,,,"""When I savage you from creating it, I know he wants to open the door to forget. When I call your tongue, I know he wants to give you ""When He makes you feel (spiritually) lonely among His creation, know that He wants to open the door of intimacy with Him for you. When He loosens your tongue in supplication, know that He wants to give to you. This wisdom reframes emotional and spiritual experiences that we often interpret as negative—loneliness, isolation, disconnection, or sudden waves of duʿāori’. Imam Ibn ʿAţ’ Allāh teaches that these moments are divine invitations, not spiritual failures. When Allah removes the comfort of creation from your heart, it is because He wants your heart to find comfort in Him. And when Allah inspires you to make duʿāori’, it is because He has already willed to give you something through it. This session helps believers understand these subtle divine gestures, recognize moments of spiritual nearness, and respond to them with gratitude and presence.","""متى أوحشك من خلقه فأعلم أنه يريد أن يفتح لك باب الإنس به. متى أطلق لسانك بالطلب فأعلم أنه يريد أن يعطيك""When He makes you feel (spiritually) lonely among His creation, know that He wants to open the door of intimacy with Him for you. When He loosens your tongue in supplication, know that He wants to give to you. This wisdom reframes emotional and spiritual experiences that we often interpret as negative—loneliness, isolation, disconnection, or sudden waves of duʿā’. Imam Ibn ʿAṭā’ Allāh teaches that these moments are divine invitations, not spiritual failures. When Allah removes the comfort of creation from your heart, it is because He wants your heart to find comfort in Him. And when Allah inspires you to make duʿā’, it is because He has already willed to give you something through it. This session helps believers understand these subtle divine gestures, recognize moments of spiritual nearness, and respond to them with gratitude and presence."
12/25/2025,10:00 AM,11:00 AM,English Knowledge Retreat,"The Great Paradox - Chasing Illusions, Fleeing Reality",Hyatt Regency Ballroom,"""العجب كل العجب من من يهرب مما لا انفكاك له عنه، ويطلب ما لا بقاء له معه، فإنها لا تعمى الأبصار ولكن تعمى القلوب التي في الصدور"" It is truly astonishing that someone would flee from what they cannot escape, and seek what they cannot remain with. For it is not the eyes that are blind, but the hearts within the chests. In this profound saying, Imam Ibn Aṭā’ Allāh exposes one of humanity’s deepest contradictions: our tendency to run from what is unavoidable—death, accountability, destiny—while chasing after what is fleeting and cannot stay with us—dunya, people, wealth, status, and moments of pleasure. At its core, this Hikmah reminds us that true blindness is not the inability to see with the eyes, but the inability to perceive truth with the heart. This session reflects on how spiritual blindness develops, how we often miscalculate what is worth pursuing, and how to realign our hearts with what is eternal, stable, and meaningful.",Dr. Haifaa Younis,,,Session,,,"""Every wonder who's running away from what they cannot escape, asking for what they don't stay with, they don't blind the sights but blind the hearts in the chest."" It is truly astonishing that someone would flee from what they cannot escape, and seek what they cannot remain with. For it is not the eyes that are blind, but the hearts within the chests. In this profound saying, Imam Ibn A Panama’ Allāh exposes one of humanity’s deepest contradictions: our tendency to run from what is unavoidable—death, accountability, destiny—while after what is fleeting and cannot stay with us—dunya, people, wealth, status, and moments of pleasure. At its core, this Hikmah reminds us that true blindness is not the inability to see with the eyes, but the inability to perceive truth with the heart. This session reflects on how spiritual blindness develops, how we often miscalculate what is worth pursuing, and how to realign our hearts with what is eternal, stable, and meaningful.","""العجب كل العجب من من يهرب مما لا انفكاك له عنه، ويطلب ما لا بقاء له معه، فإنها لا تعمى الأبصار ولكن تعمى القلوب التي في الصدور"" It is truly astonishing that someone would flee from what they cannot escape, and seek what they cannot remain with. For it is not the eyes that are blind, but the hearts within the chests. In this profound saying, Imam Ibn Aṭā’ Allāh exposes one of humanity’s deepest contradictions: our tendency to run from what is unavoidable—death, accountability, destiny—while chasing after what is fleeting and cannot stay with us—dunya, people, wealth, status, and moments of pleasure. At its core, this Hikmah reminds us that true blindness is not the inability to see with the eyes, but the inability to perceive truth with the heart. This session reflects on how spiritual blindness develops, how we often miscalculate what is worth pursuing, and how to realign our hearts with what is eternal, stable, and meaningful."
12/25/2025,11:00 AM,12:00 PM,English Knowledge Retreat,Let Go and Let God - The Art of Spiritual Trust,Hyatt Regency Ballroom,"""اجتهادُك فيما ضُمِن لك، وتقصيرُك فيما طُلِب منك، دليلٌ على انطماس البصيرة""Your clouded vision is evidenced by your diligence toward what is guaranteed to you and your negligence in what is required of you. We often expend our energy pursuing what is fleeting or certain—wealth, status, comfort—while neglecting what truly matters for our soul: obedience, accountability, and preparation for the Hereafter. This wisdom challenges us to examine our lives, discern what is temporary from what is eternal, and redirect our efforts toward what is spiritually required.",Zaynab Ansari,,,Session,,,"""Your practice is evidenced by your diligence toward what is guaranteed to you and your negligence in what is required of you. We often expend our energy pursuing what is fleeting or certain—wealth, status, comfort—while neglecting what truly matters for our soul: obedience, accountability, and preparation for the Hereafter. This wisdom challenges us to examine our lives, discern what is temporary from what is eternal, and redirect our efforts toward what is spiritually required.","""اجتهادُك فيما ضُمِن لك، وتقصيرُك فيما طُلِب منك، دليلٌ على انطماس البصيرة""Your clouded vision is evidenced by your diligence toward what is guaranteed to you and your negligence in what is required of you. We often expend our energy pursuing what is fleeting or certain—wealth, status, comfort—while neglecting what truly matters for our soul: obedience, accountability, and preparation for the Hereafter. This wisdom challenges us to examine our lives, discern what is temporary from what is eternal, and redirect our efforts toward what is spiritually required."
12/25/2025,02:00 PM,03:00 PM,English Knowledge Retreat,Divine Denial - When 'No' is a Gift,Hyatt Regency Ballroom,"ربّما أعطاك فمنعك وربّما منعك فأعطاك ومتى فتح لك باب الفهم في المنع صار المنع عين العطاء .كتاب إيقاظ الهمم في شرح الحكمPerhaps He gave you and then withheld, and perhaps He withheld from you and then gave you. And when He opens for you the door of understanding in withholding, then withholding itself becomes a form of giving. This saying challenges our limited perspective on life’s trials and apparent losses. What we perceive as deprivation may actually be a blessing in disguise, and what we receive may require careful stewardship. The key lies in understanding: when the heart grasps the wisdom behind Allah’s actions, even what seems like “withholding” can be experienced as a form of divine giving—spiritual growth, patience, insight, and closeness to Allah. This session explores patience, trust in divine wisdom, and transforming perception of hardship into gratitude and spiritual gain.",Suhaib Webb,,,Session,,,"Maybe he gave you a break, maybe he gave you and then withheld, and perhaps he withheld from you and then gave you. And when He opens for you the door of understanding in withholding, then withholding itself becomes a form of giving. This saying challenges our limited perspective on life’s trials and apparent losses. What we perceive as deprivation may actually be a blessing in disguise, and what we receive may require careful stewardship. The key lies in understanding: when the heart grasps the wisdom behind Allah’s actions, even what seems like “withholding” can be experienced as a form of divine giving—spiritual growth, patience, insight, and closeness to Allah. This session explores patience, trust in divine wisdom, and transforming perception of hardship into gratitude and spiritual gain.","ربّما أعطاك فمنعك وربّما منعك فأعطاك ومتى فتح لك باب الفهم في المنع صار المنع عين العطاء .كتاب إيقاظ الهمم في شرح الحكمPerhaps He gave you and then withheld, and perhaps He withheld from you and then gave you. And when He opens for you the door of understanding in withholding, then withholding itself becomes a form of giving. This saying challenges our limited perspective on life’s trials and apparent losses. What we perceive as deprivation may actually be a blessing in disguise, and what we receive may require careful stewardship. The key lies in understanding: when the heart grasps the wisdom behind Allah’s actions, even what seems like “withholding” can be experienced as a form of divine giving—spiritual growth, patience, insight, and closeness to Allah. This session explores patience, trust in divine wisdom, and transforming perception of hardship into gratitude and spiritual gain."
12/25/2025,03:30 PM,04:30 PM,English Knowledge Retreat,From Shock to Solace in a World of Sorrows,Hyatt Regency Ballroom,"“لاتستغرب وقوع الأكدار، مادامت في هذه الدار، فإنها ما أبرزت إلا ماهو مستحَقُّ وصفها وواجب نعته”“Do not be astonished by the occurrence of calamities, as long as you remain in this world, for it only manifests what is deserving of its description and appropriate to be attributed to it.” This wisdom reminds us that suffering, hardship, and misfortune are intrinsic to worldly life. They are neither random nor unjust; they reveal the reality of human existence, test our hearts, and expose what is naturally due in this transient world. Understanding this allows a believer to approach calamities with patience, acceptance, and spiritual insight, rather than surprise or despair.",Dr. Haifaa Younis,,,Session,,,"“Do not be astonished by the occurrence of calamities, as long as you remain in this world, for it onlyic manifests what is deserving of its description and appropriate to be attributed to it.” This wisdom reminds us that suffering, hardship, and misfortune are intrins. They are neither random nor unjust; they reveal the reality of human existence, test our hearts, and expose what is naturally due in this transient world. Understanding this allows a believer to approach calamities with patience, acceptance, and spiritual insight, rather than surprise or despair.","“لاتستغرب وقوع الأكدار، مادامت في هذه الدار، فإنها ما أبرزت إلا ماهو مستحَقُّ وصفها وواجب نعته”“Do not be astonished by the occurrence of calamities, as long as you remain in this world, for it only manifests what is deserving of its description and appropriate to be attributed to it.” This wisdom reminds us that suffering, hardship, and misfortune are intrinsic to worldly life. They are neither random nor unjust; they reveal the reality of human existence, test our hearts, and expose what is naturally due in this transient world. Understanding this allows a believer to approach calamities with patience, acceptance, and spiritual insight, rather than surprise or despair."
12/25/2025,05:30 PM,06:30 PM,English Knowledge Retreat,The Deception of Deeds - When Obedience Isn't Enough,Hyatt Regency Ballroom,"“ربما فتح لك باب الطاعة و ما يفتح لك باب القبول، و ربما قضى عليك الذنب فكان سببا في الوصول، فمعصية أورثت ذلا و افتقارا خير من طاعة أورثت عزا واستكبارا"" “Sometimes He opens the door of obedience for you, but not the door of acceptance; or sometimes He condemns you to sin, and it turns out to be a cause for union with God. A disobedience that bequeaths humiliation and extreme need is better than an obedience that bequeaths self-infatuation and pride” This ḥikmah challenges simplistic views of sin and obedience. Not all acts of worship guarantee spiritual benefit if they inflate the ego, and not all sins are spiritually harmful if they awaken humility, neediness, and reliance on Allah. The key is intention, inner state, and divine wisdom. Understanding this subtlety nurtures a heart that seeks true proximity to Allah, not merely external forms of righteousness.",Omar Suleiman,,,Session,,,"“Maybe you opened the door of obedience and what opens to you, and perhaps you took the guilt for you, but not the door of acceptance; or sometimes he condemns you to sin, and he turns out to be a humin cause of obedience with God. Not all acts of worship guarantee spiritual benefit if they inflate the ego, and not all sins are spiritually harmful if they awaken humility, neediness, and reliance on Allah. The key is intention, inner state, and divine wisdom. Understanding this subtlety nurtures a heart that seeks true proximity to Allah, not merely external forms of righteousness.","“ربما فتح لك باب الطاعة و ما يفتح لك باب القبول، و ربما قضى عليك الذنب فكان سببا في الوصول، فمعصية أورثت ذلا و افتقارا خير من طاعة أورثت عزا واستكبارا"" “Sometimes He opens the door of obedience for you, but not the door of acceptance; or sometimes He condemns you to sin, and it turns out to be a cause for union with God. A disobedience that bequeaths humiliation and extreme need is better than an obedience that bequeaths self-infatuation and pride” This ḥikmah challenges simplistic views of sin and obedience. Not all acts of worship guarantee spiritual benefit if they inflate the ego, and not all sins are spiritually harmful if they awaken humility, neediness, and reliance on Allah. The key is intention, inner state, and divine wisdom. Understanding this subtlety nurtures a heart that seeks true proximity to Allah, not merely external forms of righteousness."
12/25/2025,06:30 PM,08:00 PM,English Knowledge Retreat,Perfecting the Beginning,Hyatt Regency Ballroom,"""من علامات النجح في النهايات -- الرجوع الى الله في البدايات. من أشرقت بدايته .... أشرقت نهايته"" A sign of success in the end is to refer to God in the beginning. If there is no sunrise in the beginning, there is no sunrise in the end. In this profound wisdom, Imam Ibn ʿAṭā’ Allāh points to one of the most important spiritual laws of the journey to Allah: the endings are reflections of the beginnings.He teaches that the sign of a blessed, successful ending—whether in a project, a spiritual path, a lifetime, or even the Hereafter—is that the beginning of that journey is rooted in sincere reliance upon Allah, pure intention, and seeking His help.Just as the sunrise can only appear if light first begins to break through the darkness, the spiritual “sunrise” in one’s life, one’s deeds, or one’s final moments is only possible if there was an initial orientation toward Allah.If the beginning is filled with heedlessness, ego, or self-reliance, then expecting beauty and light at the end becomes unrealistic.This Hikmah calls us to start right, start sincere, start with Allah.",Omar Suleiman; Zaynab Ansari,,,Session,,,"""A sign of success in the ends... return to God in the beginnings. I'm sorry. A sign of success in the end is to refer to God in the beginning. If there is no sunrise in the beginning, there is no sunrise in the end. In this profound wisdom, Imam Ibn ʿAţ’ Allāh points to one of the most important spiritual laws of the journey to Allah: the endings of the beginnings.He teaches that the sign of a blessed, successful ending—whether in a project, a spiritual life, a lifetime, or even the path hereafter—is that the beginning of that journey is all rooted in pure reliance upon. Just as the sunrise can only appear if light first begins to break through the darkness, the spiritual “sunrise” in one’s life, one’s deeds, or one’s final moments is only possible if there was an initial orientation toward Allah.If the beginning is filled with heedlessness, ego, or self-reliance, then expecting beauty and light at the end becomes unrealistic. This Hikmah calls us to start right, start sincere, start with Allah.","""من علامات النجح في النهايات -- الرجوع الى الله في البدايات. من أشرقت بدايته .... أشرقت نهايته"" A sign of success in the end is to refer to God in the beginning. If there is no sunrise in the beginning, there is no sunrise in the end. In this profound wisdom, Imam Ibn ʿAṭā’ Allāh points to one of the most important spiritual laws of the journey to Allah: the endings are reflections of the beginnings.He teaches that the sign of a blessed, successful ending—whether in a project, a spiritual path, a lifetime, or even the Hereafter—is that the beginning of that journey is rooted in sincere reliance upon Allah, pure intention, and seeking His help.Just as the sunrise can only appear if light first begins to break through the darkness, the spiritual “sunrise” in one’s life, one’s deeds, or one’s final moments is only possible if there was an initial orientation toward Allah.If the beginning is filled with heedlessness, ego, or self-reliance, then expecting beauty and light at the end becomes unrealistic.This Hikmah calls us to start right, start sincere, start with Allah."
12/26/2025,10:30 AM,11:15 AM,Parallel Program (Arabic),بعد النار… يظهر النور,Level 1 - S103ABC,كثيرٌ ممَّن يعاني من شدائد، أزمات، أو ألم يظنُّ أن النهاية ظلام — بينما في الواقع تختبره النار لِتُطهِّره، وتُذَكِّرُه، ثم يخرجُ بعدها بنورٍ جديد: يقظة، حكمة، طاقة، أو فرصة لإصلاح الذات والمجتمع. الرسالة: لا تيأس؛ وراء الشدّة بركة محتملة إن قرأتَها حقًّا وعملتَ عليها. وكلُّنا مرَّ بنارٍ — نار فقد، نار محنة، نار ابتلاء. ولكن هل سألنا أنفسنا مرة: هل هذه النار تُحترقُ لتحرقنا فقط؟ أم لتحوّلنا؟ اليوم نُذكّرُ بأن الله غالبٌ على أمره، وأنّ بعد كلّ اختبارٍ قد يأتي نورٌ لم نتوقّعه.”,Haitham Alzamareeh,,,Session,,,"Many of those suffering from hardships, crises, or did he not think that the end was dark — while the fire was actually testing him to clean him up, remember him, and then it came out with a new light: vigilance, wisdom, energy, or opportunity for self-reforming and society. And we all went through fire-- fire lost, fire, fire extorted. But did we ask ourselves once: is this fire burning just to burn us? Today we recall that God prevails over him and that after every test we may have unpredictable light.”",كثيرٌ ممَّن يعاني من شدائد، أزمات، أو ألم يظنُّ أن النهاية ظلام — بينما في الواقع تختبره النار لِتُطهِّره، وتُذَكِّرُه، ثم يخرجُ بعدها بنورٍ جديد: يقظة، حكمة، طاقة، أو فرصة لإصلاح الذات والمجتمع. الرسالة: لا تيأس؛ وراء الشدّة بركة محتملة إن قرأتَها حقًّا وعملتَ عليها. وكلُّنا مرَّ بنارٍ — نار فقد، نار محنة، نار ابتلاء. ولكن هل سألنا أنفسنا مرة: هل هذه النار تُحترقُ لتحرقنا فقط؟ أم لتحوّلنا؟ اليوم نُذكّرُ بأن الله غالبٌ على أمره، وأنّ بعد كلّ اختبارٍ قد يأتي نورٌ لم نتوقّعه.”
12/26/2025,10:30 AM,11:15 AM,College & Young Professional;ASL,The Divine Light of Knowledge,Level 1 - GB S100A,"“ILM” is often referred to as “Noor”. The gift of sacred Islamic knowledge should be cherished and valued as it was intended. Without a strong foundational understanding of our faith, how can we ever practice it let alone teach or share it with others? It’s high time we turn back to the Quran, Sunnah and Islamic Sciences to re-orient our moral compass.",Dr. Haifaa Younis,,,Session,,,"“ILM” is often referred to as “Noor”. The gift of sacred Islamic knowledge should be cherished and valued as it was intended. Without a strong foundational understanding of our faith, how can we ever practice it let alone teach or share it with others? It’s high time we turn back to the Quran, Sunnah and Islamic Sciences to re-orient our moral compass.","“ILM” is often referred to as “Noor”. The gift of sacred Islamic knowledge should be cherished and valued as it was intended. Without a strong foundational understanding of our faith, how can we ever practice it let alone teach or share it with others? It’s high time we turn back to the Quran, Sunnah and Islamic Sciences to re-orient our moral compass."
12/26/2025,10:30 AM,11:15 AM,Youth,MASCON Youth Scavenger Hunt,Level 4-N426,"Join us for a fun and fast-paced Youth Scavenger Hunt at Mascon! Participants will receive a scavenger hunt sheet at the start and have 45 minutes to complete as many tasks as possible. At the end of the activity, the top three participants with the highest scores will win prizes. Get ready for an exciting, interactive challenge—bring your energy and teamwork!",,,,Session,,,"Join us for a fun and fast-paced Youth Scavenger Hunt at Mascon! Participants will receive a scavenger hunt sheet at the start and have 45 minutes to complete as many tasks as possible. At the end of the activity, the top three participants with the highest scores will win prizes. Get ready for an exciting, interactive challenge—bring your energy and teamwork!","Join us for a fun and fast-paced Youth Scavenger Hunt at Mascon! Participants will receive a scavenger hunt sheet at the start and have 45 minutes to complete as many tasks as possible. At the end of the activity, the top three participants with the highest scores will win prizes. Get ready for an exciting, interactive challenge—bring your energy and teamwork!"
12/26/2025,10:30 AM,11:15 AM,Legal (MLFA),Resilience Under Fire: Muslims in the Age of Surveillance,Level 1 - S102A,"A unique panel bringing together criminal defense, immigration, civil litigation, and nonprofit governance to show how government repression touches every area of Muslim life. Learning Outcomes:> See how different laws overlap to suppress Muslim life.> Learn practical strategies for nonprofits, students, and activists.> Leave with resources for legal and community resilience.",Arshia Ali-Khan,,,Session,,,"A unique panel bringing together criminal defense, immigration, civil litigation, and nonprofit governance to show how government repression touches every area of Muslim life. Learning Outcomes:> See how different laws overlap to suppress Muslim life.> Learn practical strategies for nonprofits, students, and activists.> Leave with resources for legal and community resilience.","A unique panel bringing together criminal defense, immigration, civil litigation, and nonprofit governance to show how government repression touches every area of Muslim life. Learning Outcomes:> See how different laws overlap to suppress Muslim life.> Learn practical strategies for nonprofits, students, and activists.> Leave with resources for legal and community resilience."
12/26/2025,10:30 AM,11:15 AM,Spousal & Parenting,"Raising Men and Women, Not Kids",Level 1 - S104,"In an age of hyper-protection, distraction, and identity confusion, many children grow up shielded from struggle but also disconnected from their purpose. Yet our Islamic tradition presents a radically different model: youth who carried revelation, defended the Prophet ﷺ, preserved the Qur’an, led armies, resolved disputes, and shaped the future of this Ummah. This two-part session explores how to raise resilient, confident, spiritually grounded children in today’s world. Through Prophetic guidance, examples from early Muslim youth, and practical strategies for modern families, we will examine how to nurture children who are not just practicing Muslims—but ambassadors of Islam, builders of community, and inheritors of a legacy that outlives us. Together, we will dive into how to cultivate identity, instill responsibility, and develop faith-centered habits that become generational Sadaqah jariyah.",Duaa Haggag; Suhail Mulla,,,Session,,,"In an age of hyper-protection, distraction, and identity confusion, many children grow up shielded from struggle but also disconnected from their purpose. Yet our Islamic tradition presents a radically different model: youth who carried revelation, defended the Prophet prayed to God and peace, preserved the Qur’an, led armies, resolved disputes, and shaped the future of this Ummah. This two-part session explores how to raise resilient, confident, spiritually grounded children in today’s world. Through Prophetic guidance, examples from early Muslim youth, and practical strategies for modern families, we will examine how to nurture children who are not just practicing Muslims—but ambassadors of Islam, builders of community, and inheritors of a legacy that outlives us. Together, we will dive into how to cultivate identity, instilljar responsibility, and develop faith-centered habits that become generational Sadaqah.","In an age of hyper-protection, distraction, and identity confusion, many children grow up shielded from struggle but also disconnected from their purpose. Yet our Islamic tradition presents a radically different model: youth who carried revelation, defended the Prophet ﷺ, preserved the Qur’an, led armies, resolved disputes, and shaped the future of this Ummah. This two-part session explores how to raise resilient, confident, spiritually grounded children in today’s world. Through Prophetic guidance, examples from early Muslim youth, and practical strategies for modern families, we will examine how to nurture children who are not just practicing Muslims—but ambassadors of Islam, builders of community, and inheritors of a legacy that outlives us. Together, we will dive into how to cultivate identity, instill responsibility, and develop faith-centered habits that become generational Sadaqah jariyah."
12/26/2025,10:30 AM,11:15 AM,Professional Society (AMPS),"Your Next Job, Mentor, or Startup Partner Could Be in This Room",Hyatt Regency Ballrooms CDE,,Ahmed Ghanim; Mohamed Aly; Ayman Hammous; Nadeem Siddiqi,,,Session,,,,
12/26/2025,10:30 AM,11:15 AM,My Ummah,تجاهات الصراع في اليمن والتأثيرات الإقليمية والدولية في تحديد تلك الإتجاها,Level 1 - S103D,تتناول هذه الجلسة قراءة معمّقة للمشهد اليمني الراهن، في تقاطعه بين التوازنات الإقليمية والتحولات الداخلية. فعلى الصعيد الدولي، يقف الملف اليمني عند مفترق حساس تتداخل فيه الاستراتيجية العالمية مع أولويات دول الخليج من جهة، ومع معادلات المواجهة غير المباشرة مع إيران من جهة أخرى، مما يجعل اليمن ساحة مركزية لإعادة رسم خرائط النفوذ الإقليمي.أما داخلياً، فسنستعرض أبرز التطورات الإنسانية والحقوقية التي يعيشها الشعب اليمني في ظل سنوات طويلة من الحرب والانقسام، مع تسليط الضوء على التحديات المعيشية، وحالة المؤسسات، ووضع النازحين، والملامح العامة للمشهد الحقوقي.كما ستتناول الجلسة أهم العوائق التي ما زالت تمنع إخراج الملف اليمني من “عنق الزجاجة”، سواء كانت سياسية، عسكرية، إقليمية، أو مرتبطة بالمشهد الاقتصادي والأمني داخل البلد.تهدف الجلسة إلى تقديم فهم شامل يساعد الحضور على استيعاب الواقع الحالي، وقراءة مساراته المستقبلية، واستشراف السيناريوهات المحتملة لإعادة بناء الدولة وتحقيق الأمن والاستقرار.,Abdulsamad Elfqih; Afrah Al-Akhali,,,Session,,,"This session deals with an in-depth reading of the current Yemeni landscape, intersection of regional and internal adjustments. At the international level, the Yemeni file is at a delicate crossroads in which the global strategy overlaps with the priorities of the Gulf States on the one hand, and the indirect confrontational equivalence with Iran on the other, thus making Yemen a central arena for reshaping regional influence maps. Internally, we will review the most notable humanitarian and legal developments of the Yemeni people in long years of war and division, highlighting the challenges of living, the situation of institutions, the status of displaced persons and the general features of the legal landscape. The session will also address the main obstacles that continue to prevent the removal of the Yemeni file from the "" glass neck "" , whether political, military, regional or linked to the economic and security landscape within the country. The aim of the meeting is to provide a comprehensive understanding that will help the audience to understand current realities, to read their future paths and to explore possible scenarios for rebuilding the State and to achieve security and stability.",تتناول هذه الجلسة قراءة معمّقة للمشهد اليمني الراهن، في تقاطعه بين التوازنات الإقليمية والتحولات الداخلية. فعلى الصعيد الدولي، يقف الملف اليمني عند مفترق حساس تتداخل فيه الاستراتيجية العالمية مع أولويات دول الخليج من جهة، ومع معادلات المواجهة غير المباشرة مع إيران من جهة أخرى، مما يجعل اليمن ساحة مركزية لإعادة رسم خرائط النفوذ الإقليمي.أما داخلياً، فسنستعرض أبرز التطورات الإنسانية والحقوقية التي يعيشها الشعب اليمني في ظل سنوات طويلة من الحرب والانقسام، مع تسليط الضوء على التحديات المعيشية، وحالة المؤسسات، ووضع النازحين، والملامح العامة للمشهد الحقوقي.كما ستتناول الجلسة أهم العوائق التي ما زالت تمنع إخراج الملف اليمني من “عنق الزجاجة”، سواء كانت سياسية، عسكرية، إقليمية، أو مرتبطة بالمشهد الاقتصادي والأمني داخل البلد.تهدف الجلسة إلى تقديم فهم شامل يساعد الحضور على استيعاب الواقع الحالي، وقراءة مساراته المستقبلية، واستشراف السيناريوهات المحتملة لإعادة بناء الدولة وتحقيق الأمن والاستقرار.
12/26/2025,10:30 AM,11:15 AM,Parallel Program,"Jannah Seekers, Active Hunters",Level 1 - S105A,"The famous statement of the Prophet ﷺ — “‘Ukāsha has beaten you to it” — captures a timeless truth about the path to Jannah: Paradise is for those who seize opportunities, not those who wait for them.When the Prophet ﷺ mentioned that seventy thousand from his Ummah would enter Jannah without accountability, ‘Ukāsha ibn Muḥsin immediately stood up and requested, “O Messenger of Allah, ask Allah to make me one of them.” His readiness, clarity, and spiritual ambition earned him the prophetic affirmation: “You are one of them.”A second man asked for the same privilege — but the Prophet ﷺ responded, “Ukāsha beat you to it.” Not because the door was closed, but because a high standard had been set: Jannah belongs to the active seekers, the spiritually ambitious, the ones who hunt opportunities instead of hesitating.“Jannah Seeker… Active Hunter” reminds us that Paradise is not for the passive, the indecisive, or the occasionally inspired. It is for those whose hearts are alive —those who pray with purpose, strive with discipline, repent quickly, serve consistently, and carry a mindset shaped by eternal outcomes.In this session, two speakers will guide us through what it truly means to actively pursue Jannah — with intentionality, consistency, and sincere effort. Together, they will explore the spiritual psychology, practical habits, and mindset transformations needed for every believer to become an “active hunter” of Allah’s pleasure and reward.",Omar Hedroug; Fuad Mohamed,,,Session,,,"The famous statement of the Prophet prayed to God and peace — “‘Ukā has beaten you to it” — captures a timeless truth about the path to Jannah: Paradise is for those who seize opportunities, not those who wait for them. When the Prophet prayed on him and peace mentioned that seventy thousand from his Ummah would enter Jannah without accountability, ‘Ukā ibn Muḥsin immediately stood up and requested, “O Messenger of Allah, ask allah to make me one of them.” His readiness, clarity, and spiritual ambition earned him the prophetic affirmation: “You are one of them.”A second man asked for the same privilege — but the Prophet prayed to God and responded, “Ukāsha beat you to it.” Not because the door was closed, but because a high standard had been set: Jannah belongs to the active seekers, the spiritually ambitious, the ones who hunt opportunities instead of hesitating. “ Jannah Seeker... Active Hunter” reminds us that Paradise is not for the passive, the indecisive, or the occasionally inspired. It is for those whose hearts are alive —those who pray with purpose, strive with discipline, repent quickly, serve consistently, and carry a mindset shaped by eternal outcomes.In this session, two speakers will guide us through what it truly means to actively pursue Jannah — with intentionality, consistency, and sincere effort. Together, they will explore the spiritual psychology, practical habits, and mindset transformations needed for every believer to become an “active hunter” of Allah’s pleasure and reward.","The famous statement of the Prophet ﷺ — “‘Ukāsha has beaten you to it” — captures a timeless truth about the path to Jannah: Paradise is for those who seize opportunities, not those who wait for them.When the Prophet ﷺ mentioned that seventy thousand from his Ummah would enter Jannah without accountability, ‘Ukāsha ibn Muḥsin immediately stood up and requested, “O Messenger of Allah, ask Allah to make me one of them.” His readiness, clarity, and spiritual ambition earned him the prophetic affirmation: “You are one of them.”A second man asked for the same privilege — but the Prophet ﷺ responded, “Ukāsha beat you to it.” Not because the door was closed, but because a high standard had been set: Jannah belongs to the active seekers, the spiritually ambitious, the ones who hunt opportunities instead of hesitating.“Jannah Seeker… Active Hunter” reminds us that Paradise is not for the passive, the indecisive, or the occasionally inspired. It is for those whose hearts are alive —those who pray with purpose, strive with discipline, repent quickly, serve consistently, and carry a mindset shaped by eternal outcomes.In this session, two speakers will guide us through what it truly means to actively pursue Jannah — with intentionality, consistency, and sincere effort. Together, they will explore the spiritual psychology, practical habits, and mindset transformations needed for every believer to become an “active hunter” of Allah’s pleasure and reward."
12/26/2025,10:30 AM,11:15 AM,ISPU,Beyond the Clinic: A Systems Approach to Healthcare Equity for American Muslims,Level 1 - S102D,,Ayaz Hyder; Asra Ali; Constance D. Shabazz; Petra Alsoofy,,,Session,,,,
12/26/2025,10:30 AM,11:15 AM,Education,The Impact of the Fiqh of the End Goals on Planning for Tarbiya,Level 1 - S102BC,,Dr. Hamed Ghazali,,,Session,,,,
12/26/2025,10:30 AM,11:15 AM,Activism,(Special Session) Islamic Finance: Challenges and Opportunities - Allied Asset Advisors,Level 1 - S105BC,,Maqsood Quadri; Salah Obeidallah,,,Session,,,,
12/26/2025,10:30 AM,11:15 AM,Dawah,Using the Quran and Sunnah Effectively in Dawah Conversations,Level 1 - S105D,"The Qur’an and Sunnah are the foundation of all da‘wah. Yet, many da‘ees struggle to use them effectively—either quoting texts without context, sounding overly academic, or relying on personal opinions instead of revelation. In an age of skepticism, misinformation, and emotional sensitivity, the art of bringing Allah’s words and the Prophet’s teachings into a conversation requires wisdom, emotional intelligence, and strategic guidance.This training explores how to anchor da‘wah in revelation without overwhelming the listener, how to select the right ayat and hadith for the right moment, how to speak from the tradition with humility, and how to use the prophetic method of gradual teaching, persuasion, and compassion. Participants will learn practical strategies to make Qur’anic wisdom relatable, conversational, and deeply impactful for the people they speak to.By the end of the session, da‘ees will feel more confident quoting texts accurately, contextualizing them properly, and using them in a way that touches hearts rather than winning arguments.",Abdool Rahman Khan,,,Session,,,"The Qur’an and Sunnah are the foundation of all da‘wah. Yet, many da‘ees struggle to use them effectively—either quoting texts without context, sounding overly academic, or relying on personal opinions instead of revelation. In an age of skepticism, misinformation, and emotional sensitivity, the art of bringing Allah’s words and the Prophet’s teachings into a conversation requires wisdom, emotional intelligence, and strategic guidance.This training explores how to anchor da‘wah in revelation without overwhelming the listener, how to select the right ayat and hadith for the right moment, how to speak from the tradition with humility, and how to use the prophetic method of gradual teaching, persuasion, and compassion. Participants will learn practical strategies to make Qur’anic wisdom relatable, conversational, and deeply impactful for the people they speak to.By the end of the session, da‘ees will feel more confident quoting texts accurately, contextualizing them properly, and using them in a way that touches hearts rather than winning arguments.","The Qur’an and Sunnah are the foundation of all da‘wah. Yet, many da‘ees struggle to use them effectively—either quoting texts without context, sounding overly academic, or relying on personal opinions instead of revelation. In an age of skepticism, misinformation, and emotional sensitivity, the art of bringing Allah’s words and the Prophet’s teachings into a conversation requires wisdom, emotional intelligence, and strategic guidance.This training explores how to anchor da‘wah in revelation without overwhelming the listener, how to select the right ayat and hadith for the right moment, how to speak from the tradition with humility, and how to use the prophetic method of gradual teaching, persuasion, and compassion. Participants will learn practical strategies to make Qur’anic wisdom relatable, conversational, and deeply impactful for the people they speak to.By the end of the session, da‘ees will feel more confident quoting texts accurately, contextualizing them properly, and using them in a way that touches hearts rather than winning arguments."
12/26/2025,10:30 AM,11:15 AM,Women & Community Solutions,Unleashing the Power of Tawwakul,Level 1 - S106,,"Suzy Ismail; Sarah Syed, PsyD",,,Session,,,,
12/26/2025,10:30 AM,11:15 AM,MSA National,Only God Can Judge Me,Level 1 - S101,"For many of us, we first heard the phrase “only God can judge me” in college, but is it appropriate to use that as an excuse to justify our actions? We live in a time of hair reveals when taking off the hijab, posting videos of us smoking and partying, flaunting of haram relationships, etc. We are broadcasting our sins hiding behind the idea that only God can judge. College is a time of self-discovery, but what happens if it results in us disconnecting from Islam altogether? The Prophet PBUH advised us of the harm in exposing our sins: ""All my Ummah will be forgiven except those who expose their sins. Among them is a man who commits a sin at night, and though Allah conceals it, in the morning he says, ‘I did such-and-such last night’ – while Allah had kept it hidden. He spent the night under the cover of his Lord, and in the morning he tore away Allah's cover from himself” (Sahih Bukhari). How can we protect ourselves from exposing our own sins? Is it true that only Allah SWT can judge me?",Ammar Alshukry,,,Session,,,"For many of us, we first heard the phrase “only God can judge me” in college, but is it appropriate to use that as an excuse to justify our actions? We live in a time of hair reveals when taking off the hijab, posting videos of us smoking and partying, flaunting of haram relationships, etc. We are broadcasting our sins hiding behind the idea that only God can judge. College is a time of self-discovery, but what happens if it results in us disconnecting from Islam altogether? The Prophet PBUH advised us of the harm in exposing our sins: ""All my Ummah will be forgiven except those who expose their sins. Among them is a man who commits a sin at night, and though Allah conceals it, in the morning he says, ‘I did such-and-such last night’ – while Allah had kept it hidden. He spent the night under the cover of his Lord, and in the morning he tore away Allah's cover from himself” (Sahih Bukhari). How can we protect ourselves from exposing our own sins? Is it true that only Allah SWT can judge me?","For many of us, we first heard the phrase “only God can judge me” in college, but is it appropriate to use that as an excuse to justify our actions? We live in a time of hair reveals when taking off the hijab, posting videos of us smoking and partying, flaunting of haram relationships, etc. We are broadcasting our sins hiding behind the idea that only God can judge. College is a time of self-discovery, but what happens if it results in us disconnecting from Islam altogether? The Prophet PBUH advised us of the harm in exposing our sins: ""All my Ummah will be forgiven except those who expose their sins. Among them is a man who commits a sin at night, and though Allah conceals it, in the morning he says, ‘I did such-and-such last night’ – while Allah had kept it hidden. He spent the night under the cover of his Lord, and in the morning he tore away Allah's cover from himself” (Sahih Bukhari). How can we protect ourselves from exposing our own sins? Is it true that only Allah SWT can judge me?"
12/26/2025,11:45 AM,12:30 PM,Parallel Program (Arabic),"""والله غالبٌ على أمره ولكنّ أكثر النّاس لا يعلمون""",Level 1 - S103ABC,في زمنٍ تتكاثر فيه مشاهد الظلم، وتعلو فيه أصوات الطغيان، قد يتسلّل اليأس إلى القلوب، ويظن البعض أن الباطل قد انتصر، وأن سنن الله قد تعطّلت. لكن القرآن يقرر حقيقة راسخة تهزّ هذه الأوهام: “والله غالب على أمره ولكن أكثر الناس لا يعلمون”.هذه الكلمة تسعى إلى إعادة ترسيخ اليقين في قلوب المؤمنين بأن تدبير الله غالب، وأن ما نراه من فوضى أو قهر أو تأخير في النصر ليس إلا جزءًا من حكمة إلهية عميقة لا يدركها إلا من عرف الله وثق بوعده.سنقف مع نماذج قرآنية وتاريخية تجلّت فيها هذه الحقيقة، لنتعلّم كيف نحيا باليقين وسط الاضطراب، وكيف نبقى ثابتين عندما تهتزّ الأرض من حولنا.,Mohammad Qatanani,,,Session,,,"In a time when the scenes of injustice are multiplying and the sounds of tyranny, despair may enter hearts, some believe that the stall has won, and that the Sun of God has broken. But the Koran determines a well-established truth that shakes these illusions: "" God prevails over him but most people don't know "" . This word seeks to re-establish certainty in the hearts of the believers that God ' s measure is overwhelming, and that what we see as chaos, oppression or delay in victory is only part of a deep God ' s wisdom that only God knows and trusts his promise. We'll stand with centuries-old and historical models where this fact has been manifested, learn how to live with certainty in the midst of trouble, and how to stay firm when the Earth shatters around us.",في زمنٍ تتكاثر فيه مشاهد الظلم، وتعلو فيه أصوات الطغيان، قد يتسلّل اليأس إلى القلوب، ويظن البعض أن الباطل قد انتصر، وأن سنن الله قد تعطّلت. لكن القرآن يقرر حقيقة راسخة تهزّ هذه الأوهام: “والله غالب على أمره ولكن أكثر الناس لا يعلمون”.هذه الكلمة تسعى إلى إعادة ترسيخ اليقين في قلوب المؤمنين بأن تدبير الله غالب، وأن ما نراه من فوضى أو قهر أو تأخير في النصر ليس إلا جزءًا من حكمة إلهية عميقة لا يدركها إلا من عرف الله وثق بوعده.سنقف مع نماذج قرآنية وتاريخية تجلّت فيها هذه الحقيقة، لنتعلّم كيف نحيا باليقين وسط الاضطراب، وكيف نبقى ثابتين عندما تهتزّ الأرض من حولنا.
12/26/2025,11:45 AM,12:30 PM,MSA National,The Cost of Self-Centeredness: Abandoning the Ummah in the Age of Hyperindividualism,Level1- S101,"In today’s college environment, hyperindividualism (the excessive focus on personal success, self-expression, and comfort) is often mistaken for empowerment. While self-growth is important, Islam teaches that we rise not alone, but together. As Muslims, we belong to a global ummah, a body that feels, suffers, and thrives collectively. When we prioritize ourselves over the community, we not only neglect our brothers and sisters but contradict a core part of our faith. Allah SWT says in Surah Ali-’Imran, وَٱعْتَصِمُوا۟ بِحَبْلِ ٱللَّهِ جَمِيعًۭا وَلَا تَفَرَّقُوا۟ ""And hold firmly to the rope of Allah and do not become divided."" (3:103) This verse is not just about unity. It’s a command to stay connected, stay responsible, and stay together. Are you truly treating your MSA as a place to serve the ummah on campus?",Raja Abdulhaq; Azfar Uddin,,,Session,,,"In today’s college environment, hyperindividualism (the excessive focus on personal success, self-expression, and comfort) is often mistaken for empowerment. While self-growth is important, Islam teaches that we rise not alone, but together. As Muslims, we belong to a global ummah, a body that feels, suffers, and thrives collectively. When we prioritize ourselves over the community, we not only neglect our brothers and sisters but contradict a core part of our faith. Allah SWT says in Surah Ali-’Imran, designed towards love of all."" This verse is not just about unity. It’s a command to stay connec ted, stay responsible, and stay together. Are you truly treating your MSA as a place to serve the ummah on campus?","In today’s college environment, hyperindividualism (the excessive focus on personal success, self-expression, and comfort) is often mistaken for empowerment. While self-growth is important, Islam teaches that we rise not alone, but together. As Muslims, we belong to a global ummah, a body that feels, suffers, and thrives collectively. When we prioritize ourselves over the community, we not only neglect our brothers and sisters but contradict a core part of our faith. Allah SWT says in Surah Ali-’Imran, وَٱعْتَصِمُوا۟ بِحَبْلِ ٱللَّهِ جَمِيعًۭا وَلَا تَفَرَّقُوا۟ ""And hold firmly to the rope of Allah and do not become divided."" (3:103) This verse is not just about unity. It’s a command to stay connected, stay responsible, and stay together. Are you truly treating your MSA as a place to serve the ummah on campus?"
12/26/2025,11:45 AM,12:30 PM,Legal (MLFA),Digital Self-Defense: Protecting Muslim Voices Online,Level 1 - S102A,"From harassment to deplatforming, Muslim voices are disproportionately targeted on social platforms. This session teaches protective strategies and advocacy tools.Learning Outcomes:> Recognize how algorithms and moderation suppress speech.> Apply strategies to secure accounts and visibility. > Learn how to pursue remedies or advocacy if censored.",Arshia Ali-Khan,,,Session,,,"From harassment to deplatforming, Muslim voices are disproportionately targeted on social platforms. This session teaches protective strategies and advocacy tools.Learning Outcomes:> Recognize how algorithms and moderation suppress speech.> Apply strategies to secure accounts and visibility. > Learn how to pursue remedies or advocacy if censored.","From harassment to deplatforming, Muslim voices are disproportionately targeted on social platforms. This session teaches protective strategies and advocacy tools.Learning Outcomes:> Recognize how algorithms and moderation suppress speech.> Apply strategies to secure accounts and visibility. > Learn how to pursue remedies or advocacy if censored."
12/26/2025,11:45 AM,12:30 PM,Spousal & Parenting,Panel Discussion Muslim Moms: Choosing Patience in the Hardest Moments,Level 1 - S104,"Motherhood is a sacred calling—one honored in the Qur’an, elevated by the Prophet ﷺ, and essential to the health and future of our Ummah. Yet for many Muslim mothers today, the reality is heavy: emotional burnout, social isolation, rising expectations, and endless demands at home, work, and community.This session brings together two Muslim mothers—grounded in faith, experience, and practical wisdom along with profession in counseling —to have an honest conversation about the moments that push patience to its limits. From the toddler years to teenage challenges, from juggling work and home to navigating identity and spiritual growth, this discussion will explore what sabr truly looks like in real life.Together, the panelists will reflect on Prophetic examples, the emotional load mothers carry, and the spiritual tools our tradition offers. Attendees will gain realistic strategies for managing overwhelm, nurturing their own mental and spiritual well-being, and cultivating a home environment built on mercy, love, and intentionality.This is not a session about perfection—it’s about companionship on the journey, recognizing weaknesses without shame, and empowering mothers with faith-driven resilience.",Suzy Ismail; Duaa Haggag,,,Session,,,"Motherhood is a sacred calling—one honored in the Qur’an, elevated by the Prophet pray to God and peace, and essential to the health and future of our Ummah. Yet for many Muslim mothers today, the reality is heavy: emotional burnout, social isolation, rising expectations, and endless demands at home, work, and community. This session brings together two Muslim mothers—grounded in faith, experience, and practical wisdom along with profession in counseling —to have an honest conversation about the moments that push patience to its limits. From the todler years to teenage challenges, from juggling work and home to navigating identity and spiritual growth, this discussion will explore what sabr truly looks like in real life. T o g ether, the panelists will reflect on Prophetic examples, the emotional load mothers carry, and the spiritual tools our tradition offers. Attendees will gain realistic strategies for managing overwhelm, nurturing their own mental and spiritual well-being, and cultivating a home environment built on mercy, love, and intentionality. This is not a session about perfection—it’s about companionship on the journey, recognizing weaknesses without shame, and empowering mothers with faith-driven resilience.","Motherhood is a sacred calling—one honored in the Qur’an, elevated by the Prophet ﷺ, and essential to the health and future of our Ummah. Yet for many Muslim mothers today, the reality is heavy: emotional burnout, social isolation, rising expectations, and endless demands at home, work, and community.This session brings together two Muslim mothers—grounded in faith, experience, and practical wisdom along with profession in counseling —to have an honest conversation about the moments that push patience to its limits. From the toddler years to teenage challenges, from juggling work and home to navigating identity and spiritual growth, this discussion will explore what sabr truly looks like in real life.Together, the panelists will reflect on Prophetic examples, the emotional load mothers carry, and the spiritual tools our tradition offers. Attendees will gain realistic strategies for managing overwhelm, nurturing their own mental and spiritual well-being, and cultivating a home environment built on mercy, love, and intentionality.This is not a session about perfection—it’s about companionship on the journey, recognizing weaknesses without shame, and empowering mothers with faith-driven resilience."
12/26/2025,11:45 AM,12:30 PM,Professional Society (AMPS),Is Your Paycheck Getting Taxed to Death? Legal Ways to Keep What You Earn More,Hyatt Regency Ballrooms CDE,,Khaled Albadawi; Mutaz Al Khateeb,,,Session,,,,
12/26/2025,11:45 AM,12:30 PM,Parallel Program,Humanitarian Advocacy: The Power of Your Voice - IRUSA,Level 1 - S105A,"Your voice has power. Power to fight hunger. Power to stand for justice. And power to show compassion & dignity, when it matters most. Right now, too many go without basic needs, but your voice can change that. Be the one who stands up because when you stand up, meals get distributed, children are cared for, and their voices echo around the world. Learn how to speak up, become an advocate, and make an impact, today.",Aseel Elborno,,,Session,,,"Your voice has power. Power to fight hunger. Power to stand for justice. And power to show compassion & dignity, when it matters most. Right now, too many go without basic needs, but your voice can change that. Be the one who stands up because when you stand up, meals get distributed, children are cared for, and their voices echo around the world. Learn how to speak up, become an advocate, and make an impact, today.","Your voice has power. Power to fight hunger. Power to stand for justice. And power to show compassion & dignity, when it matters most. Right now, too many go without basic needs, but your voice can change that. Be the one who stands up because when you stand up, meals get distributed, children are cared for, and their voices echo around the world. Learn how to speak up, become an advocate, and make an impact, today."
12/26/2025,11:45 AM,12:30 PM,ISPU,Seeing Is Believing: How TV Portrayals of Muslims Influence Public Policy Support,Level 1 - S102D,,Kalia Abiade; Sohad Murrar; Tuqa Nusairat,,,Session,,,,
12/26/2025,11:45 AM,12:30 PM,Education,Positive Teaching Strategies Part 1,Level 1 - S102BC,"In this workshop, the speakers will introduce positive classroom approaches for effective teaching, including 30 practical strategies aligned with Cognia accreditation standards. Sr. Asmaa Albadawi will focus on habits of the effective teacher, while Dr. Hamed Ghazali will present strategies the professional teacher uses.",Dr. Hamed Ghazali; Asmaa Albadawi,,,Session,,,"In this workshop, the speakers will introduce positive classroom approaches for effective teaching, including 30 practical strategies aligned with Cognia accreditation standards. Sr. Asmaa Albadawi will focus on habits of the effective teacher, while Dr. Hamed Ghazali will present strategies the professional teacher uses.","In this workshop, the speakers will introduce positive classroom approaches for effective teaching, including 30 practical strategies aligned with Cognia accreditation standards. Sr. Asmaa Albadawi will focus on habits of the effective teacher, while Dr. Hamed Ghazali will present strategies the professional teacher uses."
12/26/2025,11:45 AM,12:30 PM,Activism,Sponsorship Session,Level 1 - S105BC,,,,,Session,,,,
12/26/2025,11:45 AM,12:30 PM,Dawah,Da‘wah Training for Latino Muslims: From Learning Islam to Sharing Islam- Ojala Foundation (Latino Muslim Network),Level 1 - S105D,"Latino Muslims represent one of the most dynamic and rapidly growing communities embracing Islam in America. This session, conducted in collaboration with Ojala’s Latino Muslim speakers, is designed to empower Latino Muslims with the tools, confidence, and cultural understanding to share Islam effectively within their own communities. By blending Qur’anic principles, prophetic wisdom, and culturally relevant communication strategies, participants will learn not only how to strengthen their personal faith but also how to engage their families, friends, and wider Latino circles in meaningful dialogue about Islam. The session focuses on turning newly acquired faith into active outreach—helping Latino Muslims become ambassadors of Islam within their language, heritage, and social networks.",Sabeel Ahmed; Vilma Lopez; Alma Campos,,,Session,,,"Latino Muslims represent one of the most dynamic and rapidly growing communities embracing Islam in America. This session, conducted in collaboration with Ojala’s Latino Muslim speakers, is designed to empower Latino Muslims with the tools, confidence, and cultural understanding to share Islam effectively within their own communities. By blending Qur’anic principles, prophetic wisdom, and culturally relevant communication strategies, participants will learn not only how to strengthen their personal faith but also how to engage their families, friends, and wider Latino circles in meaningful dialogue about Islam. The session focuses on turning newly acquired faith into active outreach—helping Latino Muslims become ambassadors of Islam within their language, heritage, and social networks.","Latino Muslims represent one of the most dynamic and rapidly growing communities embracing Islam in America. This session, conducted in collaboration with Ojala’s Latino Muslim speakers, is designed to empower Latino Muslims with the tools, confidence, and cultural understanding to share Islam effectively within their own communities. By blending Qur’anic principles, prophetic wisdom, and culturally relevant communication strategies, participants will learn not only how to strengthen their personal faith but also how to engage their families, friends, and wider Latino circles in meaningful dialogue about Islam. The session focuses on turning newly acquired faith into active outreach—helping Latino Muslims become ambassadors of Islam within their language, heritage, and social networks."
12/26/2025,11:45 AM,12:30 PM,Women & Community Solutions,Navigating Relationships - Q&A Session,Level 1 - S106,,Zaynab Ansari; Sana Mohiuddin,,,Session,,,,
12/26/2025,11:45 AM,12:30 PM,College & Young Professional,Prophetic Patience in Times of Trial,Level 1 - GB S100A,"The Prophet ﷺ endured immense hostility yet responded with unmatched patience and dignity. Allah instructs: “So be patient. Indeed, the promise of Allah is truth.” (Ar-Rūm 30:60). This session dives into the practical application of sabr in our daily struggles.",Suleiman Hani,,,Session,,,"The Prophet prayed to God and peace endured immense hostility yet responded with unmatched patience and dignity. Allah instructs: “So be patient. Indeed, the promise of Allah is truth.” (Ar-Roum 30:60). This session dives into the practical application of sabr in our daily struggles.","The Prophet ﷺ endured immense hostility yet responded with unmatched patience and dignity. Allah instructs: “So be patient. Indeed, the promise of Allah is truth.” (Ar-Rūm 30:60). This session dives into the practical application of sabr in our daily struggles."
12/26/2025,11:45 AM,12:30 PM,Youth,Fearless Faith: The Legacy of Anas al-Sharif,Level 4-N426,"Before becoming a shaheed, the brave journalist from Gaza, Anas al-Sharif, may Allah SWThave mercy on him, shared this powerful ayah on Instagram: ""They responded, “By the One Who created us! We will never prefer you over the clear proofs that have come to us. So do whatever you want! Your authority only covers the ˹fleeting˺ life of this world.(20:72)” Anas shared this verse in the face of today's oppressors Israel, just like the magicians in the time of Musa, who, after witnessing Allah’s truth, rejected Firaun and chose faith over fear. Anas’ courage shows what true steadfastness is: trusting Allah completely, even when the world feels unsafe. Imagine if we, as an ummah, lived with that same unwavering faith—fear wouldn’t control us, and our actions would reflect trust in Allah’s plan. True courage isn’t the absence of fear; it’s acting with faith stronger than fear. How do we walk that path today? How do we live boldly and faithfully, even when life tests us?",Fuad Mohamed,,,Session,,,"Before becoming a shaheed, the brave journalist from Gaza, Anas al-Sharif, may Allah SWThave mercy on him, shared this powerful ayah on Instagram: ""They responded, “By the One Who created us! We will never prefer you over the clear proofs that have come to us. So do whatever you want! Your authority only covers the ˹fleeting˺ life of this world.(20:72)” Anas shared this verse in the face of today's oppressors Israel, just like the magicians in the time of Musa, who, after witnessing Allah’s truth, rejected Firaun and chose faith over fear. Anas’ courage shows what true steadfastness is: trusting Allah completely, even when the world feels unsafe. Imagine if we, as an ummah, lived with that same unwavering faith—fear wouldn’t control us, and our actions would reflect trust in Allah’s plan. True courage isn’t the absence of fear; it’s acting with faith stronger than fear. How do we walk that path today? How do we live boldly and faithfully, even when life tests us?","Before becoming a shaheed, the brave journalist from Gaza, Anas al-Sharif, may Allah SWThave mercy on him, shared this powerful ayah on Instagram: ""They responded, “By the One Who created us! We will never prefer you over the clear proofs that have come to us. So do whatever you want! Your authority only covers the ˹fleeting˺ life of this world.(20:72)” Anas shared this verse in the face of today's oppressors Israel, just like the magicians in the time of Musa, who, after witnessing Allah’s truth, rejected Firaun and chose faith over fear. Anas’ courage shows what true steadfastness is: trusting Allah completely, even when the world feels unsafe. Imagine if we, as an ummah, lived with that same unwavering faith—fear wouldn’t control us, and our actions would reflect trust in Allah’s plan. True courage isn’t the absence of fear; it’s acting with faith stronger than fear. How do we walk that path today? How do we live boldly and faithfully, even when life tests us?"
12/26/2025,11:45 AM,12:30 PM,My Ummah,"Voices of South Asia: Justice, Rights, and the Future of Pakistan, Bangladesh & Kashmir",Level 1 - S103D,"This session provides a comprehensive and timely overview of three pivotal regions in South Asia—Pakistan, Bangladesh, and Kashmir—each navigating its own complex intersection of politics, identity, and justice. We will explore Pakistan’s renewed emphasis on Islamic solidarity, its internal political fluctuations, and the social pressures shaping its role within the wider Muslim world. Shifting priorities, economic challenges, and geopolitical alliances continue to influence how the country positions itself on key Ummah-related issues. In contrast, Bangladesh’s evolving nationalist identity presents another trajectory—one where historical memory, economic development, cultural pride, and political consolidation intersect. As the state continues to redefine what it means to be Bangladeshi, we will examine how these shifts impact democratic space, minority rights, and the region’s long-term stability. Finally, we turn to Kashmir, where an unresolved and decades-long struggle for self-determination remains one of the most sensitive and enduring crises in the Muslim world. Despite global attention waxing and waning, the humanitarian, political, and demographic realities on the ground continue to evolve with profound implications for justice and human rights. Together, these updates highlight the region’s broader themes: Who gets to define national identity? Whose rights are protected—or suppressed? And how do global and regional powers shape the future of millions? This talk aims to provide clarity, context, and a deeper understanding of the socioeconomic and political dynamics at play—helping attendees grasp both the challenges and the opportunities for meaningful advocacy and engagement.",Saad Kazmi,,,Session,,,"This session provides a comprehensive and timely overview of three pivotal regions in South Asia—Pakistan, Bangladesh, and Kashmir—each navigating its own complex intersection of politics, identity, and justice. We will explore Pakistan’s renewed emphasis on Islamic solidarity, its internal political fluctuations, and the social pressures shaping its role within the wider Muslim world. Shifting priorities, economic challenges, and geopolitical alliances continue to influence how the country positions itself on key Ummah-related issues. In contrast, Bangladesh’s evolving nationalist identity presents another trajectory—one where historical memory, economic development, cultural pride, and political consolidation intersect. As the state continues to redefine what it means to be Bangladeshi, we will examine how these shifts impact democratic space, minority rights, and the region’s long-term stability. Finally, we turn to Kashmir, where an unresolved and decades-long struggle for self-determination remains one of the most sensitive and enduring crises in the Muslim world. Despite global attention waxing and waning, the humanitarian, political, and demographic realities on the ground continue to evolve with profound implications for justice and human rights. Together, these updates highlight the region’s broader themes: Who gets to define national identity? Whose rights are protected—or suppressed? And how do global and regional powers shape the future of millions? This talk aims to provide clarity, context, and a deeper understanding of the socioeconomic and political dynamics at play—helping attendees grasp both the challenges and the opportunities for meaningful advocacy and engagement.","This session provides a comprehensive and timely overview of three pivotal regions in South Asia—Pakistan, Bangladesh, and Kashmir—each navigating its own complex intersection of politics, identity, and justice. We will explore Pakistan’s renewed emphasis on Islamic solidarity, its internal political fluctuations, and the social pressures shaping its role within the wider Muslim world. Shifting priorities, economic challenges, and geopolitical alliances continue to influence how the country positions itself on key Ummah-related issues. In contrast, Bangladesh’s evolving nationalist identity presents another trajectory—one where historical memory, economic development, cultural pride, and political consolidation intersect. As the state continues to redefine what it means to be Bangladeshi, we will examine how these shifts impact democratic space, minority rights, and the region’s long-term stability. Finally, we turn to Kashmir, where an unresolved and decades-long struggle for self-determination remains one of the most sensitive and enduring crises in the Muslim world. Despite global attention waxing and waning, the humanitarian, political, and demographic realities on the ground continue to evolve with profound implications for justice and human rights. Together, these updates highlight the region’s broader themes: Who gets to define national identity? Whose rights are protected—or suppressed? And how do global and regional powers shape the future of millions? This talk aims to provide clarity, context, and a deeper understanding of the socioeconomic and political dynamics at play—helping attendees grasp both the challenges and the opportunities for meaningful advocacy and engagement."
12/26/2025,11:45 AM,12:25 PM,ASL,Jumuah 1,,,Suhaib Webb,,,Session,,,,
12/26/2025,12:55 PM,01:35 PM,ASL,Jumuah 2,,,Omar Suleiman,,,Session,,,,
12/26/2025,02:00 PM,02:45 PM,MAIN;ASL,Round Table Discussion Confident Muslim,Level 3 - Hall B,,Omar Suleiman; Mohammed Elshinawy; Abdullah Abdullah; Tom Facchine,,,Session,,,,
12/26/2025,02:00 PM,02:45 PM,Parallel Program (Arabic),للرجال فقط دور الأب في بناء شخصية الابن وطمأنينة الابنة,Level 1 - S103ABC,في زمن تتسارع فيه التحديات التربوية وتزداد فيه الضغوط الاجتماعية والنفسية على الأبناء، يبرز دور الأب كركيزة أساسية في استقرار الأسرة وتوازنها. هذه الجلسة الخاصة بالرجال تسلط الضوء على التأثير العميق للأب في تشكيل شخصية الابن، وبناء ثقته، وتوجيه طاقته، كما تتناول الدور الحساس للأب في منح الابنة الشعور بالأمان، والقيمة، والاحتواء.الحديث ليس عن الأب الغائب أو القاسي، بل عن الأب الحاضر الواعي الذي يفهم أن القيادة ليست سلطة، بل مسؤولية، وأن الحزم لا يتعارض مع الرحمة، وأن حضوره العاطفي يترك أثرًا لا يمحوه الزمن.جلسة صادقة وعميقة للآباء، ومن سيصبحون آباء، لإعادة تعريف معنى الأبوة في ضوء القرآن والسنة والتجربة الواقعية.,Mohamed Moussa,,,Session,,,"At a time when educational challenges are accelerating and social and psychological pressures on children are increasing, the role of the father as a fundamental pillar of family stability and balance is highlighted. This men ' s session highlights the profound influence of the father in shaping the son ' s personality, building his trust and guiding his capacity, as well as the sensitive role of the father in giving the daughter a feeling of safety, value and containment. Talking is not about the absent or cruel father, but about the conscious father present who understands that leadership is not power, it is responsibility, that the belt is not against mercy, and that his emotional presence leaves an irreversible effect. A sincere and deep meeting of parents, who will be fathers, to redefine the meaning of parenthood in the light of the Koran, the Year and the real experience.",في زمن تتسارع فيه التحديات التربوية وتزداد فيه الضغوط الاجتماعية والنفسية على الأبناء، يبرز دور الأب كركيزة أساسية في استقرار الأسرة وتوازنها. هذه الجلسة الخاصة بالرجال تسلط الضوء على التأثير العميق للأب في تشكيل شخصية الابن، وبناء ثقته، وتوجيه طاقته، كما تتناول الدور الحساس للأب في منح الابنة الشعور بالأمان، والقيمة، والاحتواء.الحديث ليس عن الأب الغائب أو القاسي، بل عن الأب الحاضر الواعي الذي يفهم أن القيادة ليست سلطة، بل مسؤولية، وأن الحزم لا يتعارض مع الرحمة، وأن حضوره العاطفي يترك أثرًا لا يمحوه الزمن.جلسة صادقة وعميقة للآباء، ومن سيصبحون آباء، لإعادة تعريف معنى الأبوة في ضوء القرآن والسنة والتجربة الواقعية.
12/26/2025,02:00 PM,02:45 PM,Parallel Program (Arabic),للنساء فقط قلوب ثابتة رغم العواصف - نساء ربّانيات في كل زمن,Level 1 - GB S100A,في زمن تتكاثر فيه الضغوط، وتزداد فيه الفتن، وتُربَك فيه الهُويات، تبقى المرأة المسلمة مطالبة أن تكون ثابتة في قلب العاصفة، لا منكسرة ولا ضائعة، بل راسخة الجذور، ممتدة الروح، حيّة الإيمان. قلب المرأة اليوم يتعرض لرياح كثيرة: خوف على الأبناء، ضغوط المجتمع، صراع الأدوار، مقارنة مستمرة، وموجات من الشك والإرهاق. ومع ذلك، فإن التاريخ الإسلامي يخبرنا أن أعظم القلوب ثباتًا في المحن كانت قلوب النساء: أمهات، وزوجات، ومربيات، ومجاهدات بالصبر والإيمان.هذه المحاضرة ليست عن المثالية… بل عن الواقعية المؤمنة. ليست عن نساء خارقات… بل عن نساء ربانيات: يعرفن الله، فيثبتن عند البلاء، ويزهرن في زمن القحط، ويصبحن نورًا لغيرهن وهن في قلب الألم. سنتحدث عن الثبات… لا كقوة جامدة، بل كطمأنينة حية، وعن الربانية… لا كشعارات، بل كحياة يومية مليئة بالإيمان والوعي واليقين.,Hadia Zarzour,,,Session,,,"In a time when pressures are growing, there is an increase in fatigue, and in which identities are raised, Muslim women remain required to be fixed in the heart of the storm, neither broken nor lost, but rooted, long-spirited, alive. Women ' s heart today is exposed to many winds: fear for children, pressure from society, conflict of roles, constant comparison, waves of doubt and exhaustion. However, Islamic history tells us that the greatest hearts in distress were women ' s hearts: mothers, wives, nurseries, patience and faith. This lecture isn't about idealism... but about honest reality. It's not about super-female women... but about Japanese women: they know God, they prove to purity, they blossom in time of degradation, and they become the light of others in the heart of pain. We'll talk about persistence... not as a force of rigidity, but as a living tranquillity, not as slogans, but as a daily life full of faith, consciousness and certainty.",في زمن تتكاثر فيه الضغوط، وتزداد فيه الفتن، وتُربَك فيه الهُويات، تبقى المرأة المسلمة مطالبة أن تكون ثابتة في قلب العاصفة، لا منكسرة ولا ضائعة، بل راسخة الجذور، ممتدة الروح، حيّة الإيمان. قلب المرأة اليوم يتعرض لرياح كثيرة: خوف على الأبناء، ضغوط المجتمع، صراع الأدوار، مقارنة مستمرة، وموجات من الشك والإرهاق. ومع ذلك، فإن التاريخ الإسلامي يخبرنا أن أعظم القلوب ثباتًا في المحن كانت قلوب النساء: أمهات، وزوجات، ومربيات، ومجاهدات بالصبر والإيمان.هذه المحاضرة ليست عن المثالية… بل عن الواقعية المؤمنة. ليست عن نساء خارقات… بل عن نساء ربانيات: يعرفن الله، فيثبتن عند البلاء، ويزهرن في زمن القحط، ويصبحن نورًا لغيرهن وهن في قلب الألم. سنتحدث عن الثبات… لا كقوة جامدة، بل كطمأنينة حية، وعن الربانية… لا كشعارات، بل كحياة يومية مليئة بالإيمان والوعي واليقين.
12/26/2025,02:00 PM,02:45 PM,MSA National,Your Digital Footprint,Level1- S101,"The Prophet Muhammad ﷺ told us, “When a person dies, all their deeds end except three: a continuing charity, beneficial knowledge, and a child who prays for them.” But what happens to our social media? In our current times, social media is used for everything: our personal lives, our MSA, or masjid youth group. We know, however, that someone’s social media does not die with them. We often do not think about our digital footprint and the legacy we’re leaving behind through our social media. How can we ensure we are embodying the lifestyle of the prophets on our social media? At a time when social media is used for flaunting materialism, how can we use it in a way that is pleasing to Allah SWT both within our lives and after our deaths?",Saad Tasleem,,,Session,,,"The Prophet Muhammad prayed God for him and peace told us, “When a person dies, all their deeds end except three: a continuing charity, beneficial knowledge, and a child who prays for them.” But what happens to our social media? In our current times, social media is used for everything: our personal lives, our MSA, or masjid youth group. We know, however, that someone’s social media does not die with them. We often do not think about our digital footprint and the legacy we’re leaving behind through our social media. How can we ensure we are embodying the lifestyle of the prophets on our social media? At a time when social media is used for flaunting materialism, how can we use it in a way that is pleasing to Allah SWT both within our lives and after our deaths?","The Prophet Muhammad ﷺ told us, “When a person dies, all their deeds end except three: a continuing charity, beneficial knowledge, and a child who prays for them.” But what happens to our social media? In our current times, social media is used for everything: our personal lives, our MSA, or masjid youth group. We know, however, that someone’s social media does not die with them. We often do not think about our digital footprint and the legacy we’re leaving behind through our social media. How can we ensure we are embodying the lifestyle of the prophets on our social media? At a time when social media is used for flaunting materialism, how can we use it in a way that is pleasing to Allah SWT both within our lives and after our deaths?"
12/26/2025,02:00 PM,02:45 PM,Youth,Rejecting Your Nafs,Level 4-N426,"We live in a world that constantly pulls us in different directions—pressure, noise, temptation, and the urge to always choose what feels easiest in the moment. But one of the greatest acts of courage is learning to say no to the nafs. This session is about what it really means to master the self: how strengthening your inner discipline helps you stay firm in your faith, make better choices, and hold onto your integrity when life feels overwhelming.",Omar Hedroug,,,Session,,,"We live in a world that constantly pulls us in different directions—pressure, noise, temptation, and the urge to always choose what feels easiest in the moment. But one of the greatest acts of courage is learning to say no to the nafs. This session is about what it really means to master the self: how strengthening your inner discipline helps you stay firm in your faith, make better choices, and hold onto your integrity when life feels overwhelming.","We live in a world that constantly pulls us in different directions—pressure, noise, temptation, and the urge to always choose what feels easiest in the moment. But one of the greatest acts of courage is learning to say no to the nafs. This session is about what it really means to master the self: how strengthening your inner discipline helps you stay firm in your faith, make better choices, and hold onto your integrity when life feels overwhelming."
12/26/2025,02:00 PM,02:45 PM,Legal (MLFA),National Security and Civil Liberties: The Price of Silence,Level 1 - S102A,"Abstract: In chaotic times, governments often weaponize national security to silence dissent — from Muslim communities in America to pro-Palestinian activists worldwide. MLFA’s legal defense challenges this erosion of freedoms, ensuring Muslims are not criminalized for their faith or advocacy. This presentation warns of the price of silence: when rights are trampled in the name of security, the cost is democracy itself. Faith under fire demands that we speak, resist, and stand firm.Learning Objectives:>Analyze how security frameworks threaten civil liberties in chaotic times.>Examine MLFA’s role in challenging surveillance and censorship.>Understand the link between silencing pro-Palestinian advocacy and Islamophobia. >Identify legal and community strategies to defend dissent and conscience.",Arshia Ali-Khan,,,Session,,,"Abstract: In chaotic times, governments often weaponize national security to silence dissent — from Muslim communities in America to pro-Palestinian activists worldwide. MLFA’s legal defense challenges this erosion of freedoms, ensuring Muslims are not criminalized for their faith or advocacy. This presentation warns of the price of silence: when rights are trampled in the name of security, the cost is democracy itself. Faith under fire demands that we speak, resist, and stand firm.Learning Objectives:>Analyze how security frameworks threaten civil liberties in chaotic times.>Examine MLFA’s role in challenging surveillance and censorship.>Understand the link between silencing pro-Palestinian advocacy and Islamophobia. >Identify legal and community strategies to defend dissent and conscience.","Abstract: In chaotic times, governments often weaponize national security to silence dissent — from Muslim communities in America to pro-Palestinian activists worldwide. MLFA’s legal defense challenges this erosion of freedoms, ensuring Muslims are not criminalized for their faith or advocacy. This presentation warns of the price of silence: when rights are trampled in the name of security, the cost is democracy itself. Faith under fire demands that we speak, resist, and stand firm.Learning Objectives:>Analyze how security frameworks threaten civil liberties in chaotic times.>Examine MLFA’s role in challenging surveillance and censorship.>Understand the link between silencing pro-Palestinian advocacy and Islamophobia. >Identify legal and community strategies to defend dissent and conscience."
12/26/2025,02:00 PM,02:45 PM,Spousal & Parenting,Spousal & Parenting Balance,Level 1 - S104,"Balancing marriage and parenting is one of the most challenging responsibilities of modern family life. Between work, household duties, emotional needs, raising children, and cultivating spiritual growth, many couples find themselves overwhelmed or drifting into silent exhaustion.Islam offers a framework of mercy, teamwork, and intentional living that can transform the home into a space of sakīnah (tranquility), rahmah (compassion), and barakah. In this husband-and-wife talk, the speakers will reflect on how couples can strengthen their partnership, divide responsibilities with wisdom, and raise children in a home rooted in faith and harmony.Through honest reflections and practical strategies, this session will explore how to navigate stress, communicate effectively, maintain emotional intimacy, and model healthy behavior for children. Attendees will walk away with faith-centered tools to build balance, nurture the marital bond, and cultivate a home environment where parents and children thrive together.",Suhail Mulla; Lobna Mulla,,,Session,,,"Balancing marriage and parenting is one of the most challenging responsibilities of modern family life. Between work, household duties, emotional needs, raising children, and cultivating spiritual growth, many couples find themselves overwhelmed or drifting into silent exhaustion.Islam offers a framework of mercy, teamwork, and intentional living that can transform the home into a space of sakīnah (tranquility), rahmah (compassion), and barakah. In this husband-and-wife talk, the speakers will reflect on how couples can strengthen their partnership, divide responsibilities with wisdom, and raise children in a home rooted in faith and harmony.Through honest reflections and practical strategies, this session will explore how to navigate stress, communicate effectively, maintain emotional intimacy, and model healthy behavior for children. Attendees will walk away with faith-centered tools to build balance, nurture the marital bond, and cultivate a home environment where parents and children thrive together.","Balancing marriage and parenting is one of the most challenging responsibilities of modern family life. Between work, household duties, emotional needs, raising children, and cultivating spiritual growth, many couples find themselves overwhelmed or drifting into silent exhaustion.Islam offers a framework of mercy, teamwork, and intentional living that can transform the home into a space of sakīnah (tranquility), rahmah (compassion), and barakah. In this husband-and-wife talk, the speakers will reflect on how couples can strengthen their partnership, divide responsibilities with wisdom, and raise children in a home rooted in faith and harmony.Through honest reflections and practical strategies, this session will explore how to navigate stress, communicate effectively, maintain emotional intimacy, and model healthy behavior for children. Attendees will walk away with faith-centered tools to build balance, nurture the marital bond, and cultivate a home environment where parents and children thrive together."
12/26/2025,02:00 PM,02:45 PM,Professional Society (AMPS),Is Your 401(k) “Halal-Friendly”? Halal Retirement Choices Explained,Hyatt Regency Ballrooms CDE,,Samer Eshmawy; Bashar Qasem,,,Session,,,,
12/26/2025,02:00 PM,02:45 PM,ISPU,"Elections 2024: A Deep Dive — How Did American Muslims Actually Vote, and What Does It Mean for 2026",Level 1 - S102D,,Dalia Mogahed; Basim Elkarra; Tuqa Nusairat,,,Session,,,,
12/26/2025,02:00 PM,02:45 PM,Education,How Public Schools Are the Heart of Democracy,Level 1 - S102BC,,Sawsan Jaber,,,Session,,,,
12/26/2025,02:00 PM,02:45 PM,Activism,Unconstitutional Crackdowns: Protecting Your Free Speech Rights CAIR,Level 1 - S105BC,,Edward Mitchell; Gadeir Abbas; Marium Uddin,,,Session,,,,
12/26/2025,02:00 PM,02:45 PM,Dawah,"Da‘wah Skills for Success: Communication, Leadership, and Project Excellence",Level 1 - S105D,"Effective da‘wah requires more than knowledge, passion, and experience; it requires skills. This session equips participants, with the essential tools to become impactful communicators and organized leaders in da‘wah. Attendees will learn the art of confident public speaking, effective communication, and time and project management, all within the framework of Islamic ethics and the prophetic character. Dr. Sabeel Ahmed will share practical methods on body language, hand gestures, voice inflection, facial expressions, softness, etc., which are just as effective in conveying Islam as the message itself.",Sabeel Ahmed,,,Session,,,"Effective da‘wah requires more than knowledge, passion, and experience; it requires skills. This session equips participants, with the essential tools to become impactful communicators and organized leaders in da‘wah. Attendees will learn the art of confident public speaking, effective communication, and time and project management, all within the framework of Islamic ethics and the prophetic character. Dr. Sabeel Ahmed will share practical methods on body language, hand gestures, voice inflection, facial expressions, softness, etc., which are just as effective in conveying Islam as the message itself.","Effective da‘wah requires more than knowledge, passion, and experience; it requires skills. This session equips participants, with the essential tools to become impactful communicators and organized leaders in da‘wah. Attendees will learn the art of confident public speaking, effective communication, and time and project management, all within the framework of Islamic ethics and the prophetic character. Dr. Sabeel Ahmed will share practical methods on body language, hand gestures, voice inflection, facial expressions, softness, etc., which are just as effective in conveying Islam as the message itself."
12/26/2025,02:00 PM,02:45 PM,Women & Community Solutions,Redefining Muslim Women Leadership,Level 1 - S106,,Ismahan Abdullahi; Nabeela Syed,,,Session,,,,
12/26/2025,02:00 PM,02:45 PM,Parallel Program,From Ta’if to Uhud to GAZA… Resilience in Chaotic Times,Level 1 - S105A,"Throughout the Seerah, the Prophet Muhammad (pbuh) endured moments of intense pain, rejection, and trauma — yet responded with unwavering faith, emotional steadiness, and moral clarity. From the heartbreak of Ta’if, to the devastating losses at Uhud, to the suffocating siege of the Trench, his resilience became the foundation upon which the early Muslim community survived and later thrived.Today, Muslims — especially youth — face their own version of Ta’if and Uhud: stress, failures, public hostility, Islamophobia, family tension, academic pressure, and the overwhelming grief of witnessing the atrocities in Gaza and elsewhere in the Ummah.This session explores how the Prophetic model offers a roadmap for enduring pain with dignity, protecting the heart during hardship, and transforming struggle into spiritual and communal strength.This session will walk the audience through a sequential journey:Personal inner resilience — how the Prophet handled emotional wounds, rejection, setbacks, and pressure.Communal resilience — how we, as American Muslims, channel pain into purpose, solidarity, and long-term empowerment for the Ummah today.",Mohamed AbuTaleb; Rami Bleibel,,,Session,,,"Throughout the Seerah, the Prophet Muhammad (pbuh) endured moments of intense pain, rejection, and trauma — yet responded with unwavering faith, emotional steadiness, and moral clarity. From the heartbreak of Ta’if, to the devastating losses at Uhud, to the suffocating siege of the Trench, his resilience became the foundation upon which the early Muslim community survived and later thrived.Today, Muslims — especially youth — face their own version of Ta’if and Uhud: stress, failures, public hostility, Islamophobia, family tension, academic pressure, and the overwhelming grief of witnessing the atrocities in Gaza and elsewhere in the Ummah.This session explores how the Prophetic model offers a roadmap for enduring pain with dignity, protecting the heart during hardship, and transforming struggle into spiritual and communal strength.This session will walk the audience through a sequential journey:Personal inner resilience — how the Prophet handled emotional wounds, rejection, setbacks, and pressure.Communal resilience — how we, as American Muslims, channel pain into purpose, solidarity, and long-term empowerment for the Ummah today.","Throughout the Seerah, the Prophet Muhammad (pbuh) endured moments of intense pain, rejection, and trauma — yet responded with unwavering faith, emotional steadiness, and moral clarity. From the heartbreak of Ta’if, to the devastating losses at Uhud, to the suffocating siege of the Trench, his resilience became the foundation upon which the early Muslim community survived and later thrived.Today, Muslims — especially youth — face their own version of Ta’if and Uhud: stress, failures, public hostility, Islamophobia, family tension, academic pressure, and the overwhelming grief of witnessing the atrocities in Gaza and elsewhere in the Ummah.This session explores how the Prophetic model offers a roadmap for enduring pain with dignity, protecting the heart during hardship, and transforming struggle into spiritual and communal strength.This session will walk the audience through a sequential journey:Personal inner resilience — how the Prophet handled emotional wounds, rejection, setbacks, and pressure.Communal resilience — how we, as American Muslims, channel pain into purpose, solidarity, and long-term empowerment for the Ummah today."
12/26/2025,02:00 PM,02:45 PM,My Ummah,"The Arabian Gulf After Gaza: Power Shifts, Social Changes, and the Struggle for Justice",Level 1 - S103D,"The ongoing genocide in Gaza has triggered a profound recalibration across the Arabian Gulf—politically, socially, and ideologically. As global pressure mounts and regional rivalries sharpen, Gulf states are re-writing their strategies in real time: from accelerated normalization efforts with the Zionist entity to the bold social transformation campaigns to shifting human-rights boundaries.This talk provides a clear and timely overview of the latest developments in the Gulf region—Saudi Arabia, UAE, Qatar, Kuwait, Bahrain, and Oman—and how each state is navigating the post-October-7 landscape. We will explore how Gaza is influencing state policies, public sentiment, internal reforms, and the broader regional balance of power.Participants will leave with an informed, nuanced understanding of: • The status and future of Gulf-Zionist normalization efforts • Human-rights implications and new internal security priorities • Social and cultural reforms and their ideological underpinnings • How the Gulf’s choices today shape the broader Muslim world tomorrowThis session equips audiences with the context needed to understand the rapidly evolving Gulf landscape—and why it matters deeply for the Ummah.",Osama Abuirshaid,,,Session,,,"The ongoing genocide in Gaza has triggered a profound recalibration across the Arabian Gulf—politically, socially, and ideologically. As global pressure mounts and regional rivalries sharpen, Gulf states are re-writing their strategies in real time: from accelerated normalization efforts with the Zionist entity to the bold social transformation campaigns to shifting human-rights boundaries.This talk provides a clear and timely overview of the latest developments in the Gulf region—Saudi Arabia, UAE, Qatar, Kuwait, Bahrain, and Oman—and how each state is navigating the post-October-7 landscape. We will explore how Gaza is influencing state policies, public sentiment, internal reforms, and the broader regional balance of power.Participants will leave with an informed, nuanced understanding of: • The status and future of Gulf-Zionist normalization efforts • Human-rights implications and new internal security priorities • Social and cultural reforms and their ideological underpinnings • How the Gulf’s choices today shape the broader Muslim world tomorrowThis session equips audiences with the context needed to understand the rapidly evolving Gulf landscape—and why it matters deeply for the Ummah.","The ongoing genocide in Gaza has triggered a profound recalibration across the Arabian Gulf—politically, socially, and ideologically. As global pressure mounts and regional rivalries sharpen, Gulf states are re-writing their strategies in real time: from accelerated normalization efforts with the Zionist entity to the bold social transformation campaigns to shifting human-rights boundaries.This talk provides a clear and timely overview of the latest developments in the Gulf region—Saudi Arabia, UAE, Qatar, Kuwait, Bahrain, and Oman—and how each state is navigating the post-October-7 landscape. We will explore how Gaza is influencing state policies, public sentiment, internal reforms, and the broader regional balance of power.Participants will leave with an informed, nuanced understanding of: • The status and future of Gulf-Zionist normalization efforts • Human-rights implications and new internal security priorities • Social and cultural reforms and their ideological underpinnings • How the Gulf’s choices today shape the broader Muslim world tomorrowThis session equips audiences with the context needed to understand the rapidly evolving Gulf landscape—and why it matters deeply for the Ummah."
12/26/2025,03:15 PM,04:00 PM,MAIN;ASL,"Unapologetically Muslim: Owning Our Narrative, Shaping Our Future",Level 3 - Hall B,"In a time when Muslim identity is challenged from every direction—media narratives, political rhetoric, campus environments, and workplace pressures—many young Muslims feel overwhelmed, misunderstood, or hesitant to fully embrace who they are. This session calls us back to the heart of our strength: our affiliation with Islam, and our dedication to the deen.“Unapologetically Muslim” is an empowering session designed to help young Muslims reclaim confidence in their faith, tell their own story, and become proactive contributors to the present and future of the American Muslim community. Rather than reacting to external pressure, we learn how to shape our narrative, assert our values, and lead with clarity, courage, and pride.The talk will cover two essential phases of empowerment:Owning our narrative today—confronting Islamophobia, reframing identity, and navigating hostile or confusing environments with confidence and clarity.Shaping our future tomorrow—building leadership, vision, and long-term agency so the next generation becomes architects of the Ummah’s future—not spectators.With Islamic grounding, practical strategies, and a forward-looking approach, this session equips Muslims, especially the emerging younger generation, to step into society not as intimidated minorities, but as confident Muslims driven by purpose, values, and impact.",Saad Tasleem; Mohammed Elshinawy,,,Session,,,"In a time when Muslim identity is challenged from every direction—media narratives, political rhetoric, campus environments, and workplace pressures—many young Muslims feel overwhelmed, misunderstood, or hesitant to fully embrace who they are. This session calls us back to the heart of our strength: our affiliation with Islam, and our dedication to the deen.“Unapologetically Muslim” is an empowering session designed to help young Muslims reclaim confidence in their faith, tell their own story, and become proactive contributors to the present and future of the American Muslim community. Rather than reacting to external pressure, we learn how to shape our narrative, assert our values, and lead with clarity, courage, and pride.The talk will cover two essential phases of empowerment:Owning our narrative today—confronting Islamophobia, reframing identity, and navigating hostile or confusing environments with confidence and clarity.Shaping our future tomorrow—building leadership, vision, and long-term agency so the next generation becomes architects of the Ummah’s future—not spectators.With Islamic grounding, practical strategies, and a forward-looking approach, this session equips Muslims, especially the emerging younger generation, to step into society not as intimidated minorities, but as confident Muslims driven by purpose, values, and impact.","In a time when Muslim identity is challenged from every direction—media narratives, political rhetoric, campus environments, and workplace pressures—many young Muslims feel overwhelmed, misunderstood, or hesitant to fully embrace who they are. This session calls us back to the heart of our strength: our affiliation with Islam, and our dedication to the deen.“Unapologetically Muslim” is an empowering session designed to help young Muslims reclaim confidence in their faith, tell their own story, and become proactive contributors to the present and future of the American Muslim community. Rather than reacting to external pressure, we learn how to shape our narrative, assert our values, and lead with clarity, courage, and pride.The talk will cover two essential phases of empowerment:Owning our narrative today—confronting Islamophobia, reframing identity, and navigating hostile or confusing environments with confidence and clarity.Shaping our future tomorrow—building leadership, vision, and long-term agency so the next generation becomes architects of the Ummah’s future—not spectators.With Islamic grounding, practical strategies, and a forward-looking approach, this session equips Muslims, especially the emerging younger generation, to step into society not as intimidated minorities, but as confident Muslims driven by purpose, values, and impact."
12/26/2025,03:15 PM,04:00 PM,Parallel Program (Arabic),"""كلّا إنّ معي ربّي سيهدينِ"" اليقين في زمن الاضطراب",Level 1 - S103ABC,في عالمٍ يزداد اضطرابًا وخوفًا وغموضًا، تأتي هذه الآية العظيمة من سورة الشعراء لتوقظ في القلوب يقينًا لا يتزعزع: أن الله معنا دائمًا، يرعانا، ويقودنا للطريق وإن بدا كل شيء مظلمًا.هذه الجلسة المزدوجة تسعى إلى إعادة بناء مفهوم اليقين بالله في زمن الفتن، الحروب، الظلم، فقدان الثبات، والضياع الداخلي.سيتناول المتحدثان كيف نحيا بهذا اليقين عمليًا: في الخوف، الفقد، القلق، الضغط الاجتماعي، والانكسار، وكيف نصنع من اليقين قوةً نفسية وروحية تُعين المسلم على الثبات، الطمأنينة، والوضوح في الطريق.,Hadia Zarzour; Haitham Alzamareeh,,,Session,,,"In an increasingly turbulent, intimidating and ambiguous world, this great receptacle of poetry comes from an unwavering repression of hearts: God is always with us, caring for us, leading us to the road and if everything seems dark. This dual session seeks to rebuild the concept of certainty of God in a time of retaliation, wars, injustice, loss of stability and internal loss. Speakers will address how to live with this certainty in practice: in fear, loss, concern, social pressure, depression, and how to create certain psychological and spiritual power that will help Muslims to remain stable, reassuring and clear on the way.",في عالمٍ يزداد اضطرابًا وخوفًا وغموضًا، تأتي هذه الآية العظيمة من سورة الشعراء لتوقظ في القلوب يقينًا لا يتزعزع: أن الله معنا دائمًا، يرعانا، ويقودنا للطريق وإن بدا كل شيء مظلمًا.هذه الجلسة المزدوجة تسعى إلى إعادة بناء مفهوم اليقين بالله في زمن الفتن، الحروب، الظلم، فقدان الثبات، والضياع الداخلي.سيتناول المتحدثان كيف نحيا بهذا اليقين عمليًا: في الخوف، الفقد، القلق، الضغط الاجتماعي، والانكسار، وكيف نصنع من اليقين قوةً نفسية وروحية تُعين المسلم على الثبات، الطمأنينة، والوضوح في الطريق.
12/26/2025,03:15 PM,04:00 PM,MSA National,From Gaza to the Quad,Level1- S101,"The Student Intifada has been globalized throughout the past 2 years. The people of Gaza have told us repeatedly that they see and appreciate our efforts. Now, 26 months into what feels like a never-ending genocide, how can we maintain our unwavering support for the Palestinian people on our school campuses? Allah SWT reminds us in verse 69 of Surah Al Ankaboot, وَٱلَّذِينَ جَـٰهَدُوا۟ فِينَا لَنَهْدِيَنَّهُمْ سُبُلَنَا ۚ وَإِنَّ ٱللَّهَ لَمَعَ ٱلْمُحْسِنِينَ But We shall be sure to guide to Our ways those who strive hard for Our cause: God is with those who do good (29:69). From divestment to BDS campaigns, what are ways we can engage with our campus communities to fight towards the liberation of Palestine? How can we keep our torch lit despite feeling like our efforts are in vain?",Suhaib Webb,,,Session,,,"The Student Intifada has been globalized throughout the past 2 years. The people of Gaza have told us repeatedly that they see and appreciate our efforts. Now, 26 months into what feels like a never-ending genocide, how can we maintain our unwavering support for the Palestinian people on our school campuses? Allah SWT reminds us in verse 69 of Surah Al Ankaboot, strive for our good cause. From divestment to BDS campaigns, what are ways we can engage with our campus communities to fight towards the liberation of Palestine? How can we keep our torch lit feeling despite our efforts are in vain?","The Student Intifada has been globalized throughout the past 2 years. The people of Gaza have told us repeatedly that they see and appreciate our efforts. Now, 26 months into what feels like a never-ending genocide, how can we maintain our unwavering support for the Palestinian people on our school campuses? Allah SWT reminds us in verse 69 of Surah Al Ankaboot, وَٱلَّذِينَ جَـٰهَدُوا۟ فِينَا لَنَهْدِيَنَّهُمْ سُبُلَنَا ۚ وَإِنَّ ٱللَّهَ لَمَعَ ٱلْمُحْسِنِينَ But We shall be sure to guide to Our ways those who strive hard for Our cause: God is with those who do good (29:69). From divestment to BDS campaigns, what are ways we can engage with our campus communities to fight towards the liberation of Palestine? How can we keep our torch lit despite feeling like our efforts are in vain?"
12/26/2025,03:15 PM,04:00 PM,Legal (MLFA),Political Opinion as Persecution: Asylum and Dissent,Level 1 - S102A,"When Muslims express dissent—particularly pro-Palestinian views—they may face persecution abroad. This session examines how such speech is treated in asylum, withholding, and torture protection claims.Learning Outcomes: > Explore intersection of political opinion and asylum law.> Learn from recent cases and judicial decisions.> Equip advocates with arguments to strengthen asylum claims.",Marium Uddin,,,Session,,,"When Muslims express dissent—particularly pro-Palestinian views—they may face persecution abroad. This session examines how such speech is treated in asylum, withholding, and torture protection claims.Learning Outcomes: > Explore intersection of political opinion and asylum law.> Learn from recent cases and judicial decisions.> Equip advocates with arguments to strengthen asylum claims.","When Muslims express dissent—particularly pro-Palestinian views—they may face persecution abroad. This session examines how such speech is treated in asylum, withholding, and torture protection claims.Learning Outcomes: > Explore intersection of political opinion and asylum law.> Learn from recent cases and judicial decisions.> Equip advocates with arguments to strengthen asylum claims."
12/26/2025,03:15 PM,04:00 PM,Spousal & Parenting,Stories to Snapshot: Keeping Faith & Family Connected,Level 1 - S104,"Between busy schedules, different languages, and grandkids who seem glued to their screens, many Muslim families wonder: How do we help our parents connect with our children without everyone ending up frustrated? And for grandparents, you're wondering, “ Why does my grandchild only respond to text messages?”This session brings elders and adult caregivers together to laugh a little, sigh in relief, and finally make sense of these cross-generational challenges. Drawing from the Qur’an, Sunnah, and heartwarming stories, we’ll explore simple, faith-rooted ways to strengthen the grandparent–grandchild bond, even in today’s fast-paced, Western world. If you’re looking for hope, practical ideas, and a reminder that your family is not alone, join us. There is a light at the end of the tunnel, and it’s brighter than you think.",Sameera Ahmed; Nadeem Siddiqi,,,Session,,,"Between busy schedules, different languages, and grandkids who seem glued to their screens, many Muslim families wonder: How do we help our parents connect with our children without everyone ending up frustrated? And for grandparents, you're wondering, “ Why does my grandchild only respond to text messages?”This session brings elders and adult caregivers together to laugh a little, sigh in relief, and finally make sense of these cross-generational challenges. Drawing from the Qur’an, Sunnah, and heartwarming stories, we’ll explore simple, faith-rooted ways to strengthen the grandparent–grandchild bond, even in today’s fast-paced, Western world. If you’re looking for hope, practical ideas, and a reminder that your family is not alone, join us. There is a light at the end of the tunnel, and it’s brighter than you think.","Between busy schedules, different languages, and grandkids who seem glued to their screens, many Muslim families wonder: How do we help our parents connect with our children without everyone ending up frustrated? And for grandparents, you're wondering, “ Why does my grandchild only respond to text messages?”This session brings elders and adult caregivers together to laugh a little, sigh in relief, and finally make sense of these cross-generational challenges. Drawing from the Qur’an, Sunnah, and heartwarming stories, we’ll explore simple, faith-rooted ways to strengthen the grandparent–grandchild bond, even in today’s fast-paced, Western world. If you’re looking for hope, practical ideas, and a reminder that your family is not alone, join us. There is a light at the end of the tunnel, and it’s brighter than you think."
12/26/2025,03:15 PM,04:00 PM,My Ummah,The Ummah: Supported by People When Rulers Fail — Gaza & Sudan as Case Studies,Level 1 - S103D,"Across the globe, the suffering of Muslims in Gaza and Sudan has revealed a painful truth: when political leaders remain silent, complicit, or constrained, it is ordinary believers, civil society, and people of conscience who carry the weight of defending justice. From American Muslim organizations advocating relentlessly, to humanitarian workers risking everything on the ground, to voices within Turkish civil society and parliament pushing back against political inertia—real support for the Ummah has risen from the people, not the palaces.This panel brings together three distinct yet interconnected perspectives to explore how the global Muslim community responds when rulers fail to uphold moral responsibility. By examining Gaza and Sudan as case studies, we will analyze the gaps in governmental action, highlight the historic and spiritual legacy of people-led solidarity, and lay out practical models for transnational, community-driven support.Participants will gain a deeper understanding of how advocacy, relief work, and political courage can align to serve oppressed Muslims—and how the Ummah must continue building people-powered structures for justice, regardless of states’ shortcomings.",Oussama Jammal; Mazen Mokhtar,,,Session,,,"Across the globe, the suffering of Muslims in Gaza and Sudan has revealed a painful truth: when political leaders remain silent, complicit, or constrained, it is ordinary believers, civil society, and people of conscience who carry the weight of defending justice. From American Muslim organizations advocating relentlessly, to humanitarian workers risking everything on the ground, to voices within Turkish civil society and parliament pushing back against political inertia—real support for the Ummah has risen from the people, not the palaces.This panel brings together three distinct yet interconnected perspectives to explore how the global Muslim community responds when rulers fail to uphold moral responsibility. By examining Gaza and Sudan as case studies, we will analyze the gaps in governmental action, highlight the historic and spiritual legacy of people-led solidarity, and lay out practical models for transnational, community-driven support.Participants will gain a deeper understanding of how advocacy, relief work, and political courage can align to serve oppressed Muslims—and how the Ummah must continue building people-powered structures for justice, regardless of states’ shortcomings.","Across the globe, the suffering of Muslims in Gaza and Sudan has revealed a painful truth: when political leaders remain silent, complicit, or constrained, it is ordinary believers, civil society, and people of conscience who carry the weight of defending justice. From American Muslim organizations advocating relentlessly, to humanitarian workers risking everything on the ground, to voices within Turkish civil society and parliament pushing back against political inertia—real support for the Ummah has risen from the people, not the palaces.This panel brings together three distinct yet interconnected perspectives to explore how the global Muslim community responds when rulers fail to uphold moral responsibility. By examining Gaza and Sudan as case studies, we will analyze the gaps in governmental action, highlight the historic and spiritual legacy of people-led solidarity, and lay out practical models for transnational, community-driven support.Participants will gain a deeper understanding of how advocacy, relief work, and political courage can align to serve oppressed Muslims—and how the Ummah must continue building people-powered structures for justice, regardless of states’ shortcomings."
12/26/2025,03:15 PM,04:00 PM,Professional Society (AMPS),Tech Networking: by MAS YP Lighthouse x Professional Society AMPS,Hyatt Regency Ballrooms CDE,,Ahmed Ghanim; Mohamed Aly; Ahmed Saqr,,,Session,,,,
12/26/2025,03:15 PM,04:00 PM,ISPU,The Crucial Role of American Mosques: Building a Resilient Community,Level 1 - S102D,,Altaf Husain; Ihsan Bagby; Dalia Mogahed; Petra Alsoofy,,,Session,,,,
12/26/2025,03:15 PM,04:00 PM,Education,Positive Teaching Strategies Part 2,Level 1 - S102BC,,Dr. Hamed Ghazali,,,Session,,,,
12/26/2025,03:15 PM,04:00 PM,Activism,Exposing and Overcoming the Pro-Israel Lobby’s Use of Anti-Muslim Hate to Keep Americans Distracted CAIR,Level 1 - S105BC,,Edward Mitchell; Khaled Beydoun; Osama Abuirshaid; Nihad Awad,,,Session,,,,
12/26/2025,03:15 PM,04:00 PM,Dawah,Emotional Intelligence for the Da'ees,Level 1 - S105D,"Delivering da‘wah is not only about what we say—it’s about how we say it, how we make people feel, and how we understand the emotional and mental landscape of those we speak to. The Prophet ﷺ was the most emotionally intelligent human being, able to read hearts, respond with compassion, and guide people according to their unique situations. In modern da‘wah—whether in our Masajid, on campuses, in interfaith settings, or online—people are not only seeking information; they are seeking connection, empathy, and authenticity. This training explores the critical role of Emotional Intelligence (EI) in da‘wah work, helping da‘ees recognize emotions (their own and others’), regulate their reactions, communicate effectively, de-escalate tension, and embody prophetic character. By the end of the session, participants will learn how EI enhances influence, builds trust, increases acceptance of the message, and avoids unnecessary conflict. EI is not a side skill—it is a prophetic tool for guidance, compassion, and wisdom.",Abdool Rahman Khan,,,Session,,,"Delivering da‘wah is not only about what we say—it’s about how we say it, how we make people feel, and how we understand the emotional and mental landscape of those we speak to. The Prophet prayed to God and peace was the most emotionally intelligent human being, able to read hearts, respond with compassion, and guide people according to their unique situations. In modern da‘wah—whether in our Masajid, on campuses, in interfaith settings, or online—people are not only seeking information; they are seeking connection, empathy, and authenticity. This training explores the critical role of Emotional Intelligence (EI) in da‘wah work, helping da‘ees recognize emotions (their own and others’), regulate their reactions, communicate effectively, de-escalate tension, and embody prophetic character. By the end of the session, participants will learn how EI enhances influence, builds trust, increases acceptance of the message, and avoids unnecessary conflict. EI is not a side skill—it is a prophetic tool for guidance, compassion, and wisdom.","Delivering da‘wah is not only about what we say—it’s about how we say it, how we make people feel, and how we understand the emotional and mental landscape of those we speak to. The Prophet ﷺ was the most emotionally intelligent human being, able to read hearts, respond with compassion, and guide people according to their unique situations. In modern da‘wah—whether in our Masajid, on campuses, in interfaith settings, or online—people are not only seeking information; they are seeking connection, empathy, and authenticity. This training explores the critical role of Emotional Intelligence (EI) in da‘wah work, helping da‘ees recognize emotions (their own and others’), regulate their reactions, communicate effectively, de-escalate tension, and embody prophetic character. By the end of the session, participants will learn how EI enhances influence, builds trust, increases acceptance of the message, and avoids unnecessary conflict. EI is not a side skill—it is a prophetic tool for guidance, compassion, and wisdom."
12/26/2025,03:15 PM,04:00 PM,Women & Community Solutions,Resetting Your Health & Wealth,Level 1 - S106,,Madiha Saeed; Samar Tariq,,,Session,,,,
12/26/2025,03:15 PM,04:00 PM,College & Young Professional,Unchained Ambitions: Thriving in Corporate America Without Losing Your Faith,Level 1 - GB S100A,"For many young Muslims, the corporate world can feel like a battlefield of compromises — skipped prayers, awkward networking events, drinks over team dinners and the subtle pressure to blend in. This lecture dives deep into how to pursue professional success without letting it come at the cost of your faith. It reframes the idea of ambition through an Islamic lens, showing that true success lies not only in promotions or salaries, but in maintaining integrity, worship, and barakah in your career path. And establish prayer, and pay zakah, and whatever good you put forward for yourselves - you will findit with Allah. Indeed, Allah of what you do is Seeing. (Surah Al-Baqarah 2:110)",Mohamed AbuTaleb,,,Session,,,"For many young Muslims, the corporate world can feel like a battlefield of compromises — skipped prayers, awkward networking events, drinks over team dinners and the subtle pressure to blend in. This lecture dives deep into how to pursue professional success without letting it come at the cost of your faith. It reframes the idea of ambition through an Islamic lens, showing that true success lies not only in promotions or salaries, but in maintaining integrity, worship, and barakah in your career path. And establish prayer, and pay zakah, and whatever good you put forward for yourselves - you will findit with Allah. Indeed, Allah of what you do is Seeing. (Surah Al-Baqarah 2:110)","For many young Muslims, the corporate world can feel like a battlefield of compromises — skipped prayers, awkward networking events, drinks over team dinners and the subtle pressure to blend in. This lecture dives deep into how to pursue professional success without letting it come at the cost of your faith. It reframes the idea of ambition through an Islamic lens, showing that true success lies not only in promotions or salaries, but in maintaining integrity, worship, and barakah in your career path. And establish prayer, and pay zakah, and whatever good you put forward for yourselves - you will findit with Allah. Indeed, Allah of what you do is Seeing. (Surah Al-Baqarah 2:110)"
12/26/2025,03:15 PM,04:00 PM,Youth,Hope Hurts: Holding On Through the Hardest Times,Level 4-N426,"With the ongoing suffering in Gaza and rising Islamophobia in America, it’s easy to feel hopeless and overwhelmed. But Islam teaches us that hope is an act of faith, and that true strength comes from patience, du’a, and standing firm for justice. How do we keep going when the pain feels too heavy? How do we turn heartbreak into action, and despair into a deeper connection with Allah?",Suleiman Hani,,,Session,,,"With the ongoing suffering in Gaza and rising Islamophobia in America, it’s easy to feel hopeless and overwhelmed. But Islam teaches us that hope is an act of faith, and that true strength comes from patience, du’a, and standing firm for justice. How do we keep going when the pain feels too heavy? How do we turn heartbreak into action, and despair into a deeper connection with Allah?","With the ongoing suffering in Gaza and rising Islamophobia in America, it’s easy to feel hopeless and overwhelmed. But Islam teaches us that hope is an act of faith, and that true strength comes from patience, du’a, and standing firm for justice. How do we keep going when the pain feels too heavy? How do we turn heartbreak into action, and despair into a deeper connection with Allah?"
12/26/2025,03:15 PM,04:00 PM,Parallel Program,“We Will Surely Cause Him to Live a Good Life”: Living the Qur’anic ‘Good Life’ in Tough Times,Level 1 - S105A,"In a world filled with uncertainty, pressure, and constant demands, the Qur’anic promise of a “good life” feels both comforting and mysterious. Allah says: “Whoever does righteousness, whether male or female, while being a believer—We will surely grant them a good life.”(Surah An-Nahl 16:97) But what does this “good life” actually look like?Is it material ease? Emotional stability? Barakah in time?And how can we experience it while juggling hardship, work stress, family responsibilities, and a world that seems increasingly chaotic? This session brings together two complementary voices:An Islamic scholar who will unpack the Qur’anic definition of the “good life” and the spiritual tools to attain it;A professional, father, and committed Muslim who will share how these principles come alive in the life of a modern professional balancing demanding work, family, worship, and personal struggles.Together, they will help us rediscover what it means to live a life of barakah, resilience, inner tranquility, and closeness to Allah—even in the toughest times.",Ammar Alshukry; Esam Omeish,,,Session,,,"In a world filled with uncertainty, pressure, and constant demands, the Qur’anic promise of a “good life” feels both comforting and mysterious. Allah says: “Whoever does righteousness, whether male or female, while being a believer—We will surely grant them a good life.”(Surah An-Nahl 16:97) But what does this “good life” actually look like?Is it material ease? Emotional stability? Barakah in time?And how can we experience it while juggling hardship, work stress, family responsibilities, and a world that seems increasingly chaotic? This session brings together two complementary voices:An Islamic scholar who will unpack the Qur’anic definition of the “good life” and the spiritual tools to attain it;A professional, father, and committed Muslim who will share how these principles come alive in the life of a modern professional balancing demanding work, family, worship, and personal struggles.Together, they will help us rediscover what it means to live a life of barakah, resilience, inner tranquility, and closeness to Allah—even in the toughest times.","In a world filled with uncertainty, pressure, and constant demands, the Qur’anic promise of a “good life” feels both comforting and mysterious. Allah says: “Whoever does righteousness, whether male or female, while being a believer—We will surely grant them a good life.”(Surah An-Nahl 16:97) But what does this “good life” actually look like?Is it material ease? Emotional stability? Barakah in time?And how can we experience it while juggling hardship, work stress, family responsibilities, and a world that seems increasingly chaotic? This session brings together two complementary voices:An Islamic scholar who will unpack the Qur’anic definition of the “good life” and the spiritual tools to attain it;A professional, father, and committed Muslim who will share how these principles come alive in the life of a modern professional balancing demanding work, family, worship, and personal struggles.Together, they will help us rediscover what it means to live a life of barakah, resilience, inner tranquility, and closeness to Allah—even in the toughest times."
12/26/2025,05:00 PM,06:00 PM,MSA National,MSA Alumni Networking Session,Level1- S101,"Our lives are shaped by our experience in MSA. Although you may have graduated, your experience in MSA never leaves you. Join us for a trip down memory lane with former MSA members from around the country! This will be a night of networking, reflection, and of course, dinner!",,,,Session,,,"Our lives are shaped by our experience in MSA. Although you may have graduated, your experience in MSA never leaves you. Join us for a trip down memory lane with former MSA members from around the country! This will be a night of networking, reflection, and of course, dinner!","Our lives are shaped by our experience in MSA. Although you may have graduated, your experience in MSA never leaves you. Join us for a trip down memory lane with former MSA members from around the country! This will be a night of networking, reflection, and of course, dinner!"
12/26/2025,05:00 PM,06:00 PM,Professional Society (AMPS),Healthcare Networking: by MAS YP Lighthouse x Professional Society (AMPS),Hyatt Regency Ballrooms CDE,"Join us for an engaging, open, and free networking event for healthcare professionals to connect and collaborate across the healthcare spectrum.Come share insights, explore new opportunities, and build meaningful relationships that strengthen our collective impact in healthcare.Type of careers: Physicians, Nurses, Physical Therapists, Pharmacists, Dentists, Respiratory Therapists, Occupational Therapists, Dietitians/Nutritionists, Speech-Language Pathologists, Healthcare Administrators, Medical Researchers, Biomedical Engineers, Social Workers/Case Managers, Mental Health Professionals, Health IT Specialists/Data Analysts, and everyone in the healthcare system",,,,Session,,,"Join us for an engaging, open, and free networking event for healthcare professionals to connect and collaborate across the healthcare spectrum.Come share insights, explore new opportunities, and build meaningful relationships that strengthen our collective impact in healthcare.Type of careers: Physicians, Nurses, Physical Therapists, Pharmacists, Dentists, Respiratory Therapists, Occupational Therapists, Dietitians/Nutritionists, Speech-Language Pathologists, Healthcare Administrators, Medical Researchers, Biomedical Engineers, Social Workers/Case Managers, Mental Health Professionals, Health IT Specialists/Data Analysts, and everyone in the healthcare system","Join us for an engaging, open, and free networking event for healthcare professionals to connect and collaborate across the healthcare spectrum.Come share insights, explore new opportunities, and build meaningful relationships that strengthen our collective impact in healthcare.Type of careers: Physicians, Nurses, Physical Therapists, Pharmacists, Dentists, Respiratory Therapists, Occupational Therapists, Dietitians/Nutritionists, Speech-Language Pathologists, Healthcare Administrators, Medical Researchers, Biomedical Engineers, Social Workers/Case Managers, Mental Health Professionals, Health IT Specialists/Data Analysts, and everyone in the healthcare system"
12/26/2025,05:00 PM,06:00 PM,,AMAL HOUSE - Empowering Muslim Students with Employment,Level 1 - S103BC,,Altaf Husain; Nimrah Riaz; Zeyn Patel; Zaheer Razack; Husam Elnager,,,Session,,,,
12/26/2025,05:00 PM,06:00 PM,College & Young Professional,Gender Wars: Finding Balance in a Broken Marketplace,Level 1 - S104,"Across the Muslim community, many sisters feel hesitant to marry, many brothers feel unprepared to commit, and expectations on both sides keep climbing while it seems overall quality keeps declining. The pool feels smaller than ever, leaving people asking, “Where am I supposed to find someone compatible?” This session tackles the root of the problem unrealistic standards, shifting priorities, and the spiritual disconnect shaping today’s marriage landscape. Together, we’ll discuss a balanced approach that restores clarity, hope, and a healthier path toward finding the right partner.",Suzy Ismail,,,Session,,,"Across the Muslim community, many sisters feel hesitant to marry, many brothers feel unprepared to commit, and expectations on both sides keep climbing while it seems overall quality keeps declining. The pool feels smaller than ever, leaving people asking, “Where am I supposed to find someone compatible?” This session tackles the root of the problem unrealistic standards, shifting priorities, and the spiritual disconnect shaping today’s marriage landscape. Together, we’ll discuss a balanced approach that restores clarity, hope, and a healthier path toward finding the right partner.","Across the Muslim community, many sisters feel hesitant to marry, many brothers feel unprepared to commit, and expectations on both sides keep climbing while it seems overall quality keeps declining. The pool feels smaller than ever, leaving people asking, “Where am I supposed to find someone compatible?” This session tackles the root of the problem unrealistic standards, shifting priorities, and the spiritual disconnect shaping today’s marriage landscape. Together, we’ll discuss a balanced approach that restores clarity, hope, and a healthier path toward finding the right partner."
12/26/2025,05:00 PM,05:00 PM,FYI,Reclaiming Yourself: Navigating Post-Divorce Emotions,Level 1-S103D,,,,,Session,,,,
12/26/2025,06:15 PM,06:50 PM,MAIN;ASL,Convention Opening,Main Hall,"Warm opening remarks will be delivered to officially inaugurate MASCon 2025, offering a heartfelt welcome to all attendees. Representatives from both the convention leadership and the hosting organizations will greet participants, set the tone for the weekend, highlight the vision and goals of this year’s gathering, and express gratitude for the community’s continued commitment and presence. These opening words will serve as an invitation to engage, learn, and contribute to a meaningful and inspiring convention experience.",Ayman Hammous; Saad Kazmi; Oussama Jammal; Abdullah Mitchell; Nasser Hussain; Malik Hassan; Fadi Jaber,,,Session,,,"Warm opening remarks will be delivered to officially inaugurate MASCon 2025, offering a heartfelt welcome to all attendees. Representatives from both the convention leadership and the hosting organizations will greet participants, set the tone for the weekend, highlight the vision and goals of this year’s gathering, and express gratitude for the community’s continued commitment and presence. These opening words will serve as an invitation to engage, learn, and contribute to a meaningful and inspiring convention experience.","Warm opening remarks will be delivered to officially inaugurate MASCon 2025, offering a heartfelt welcome to all attendees. Representatives from both the convention leadership and the hosting organizations will greet participants, set the tone for the weekend, highlight the vision and goals of this year’s gathering, and express gratitude for the community’s continued commitment and presence. These opening words will serve as an invitation to engage, learn, and contribute to a meaningful and inspiring convention experience."
12/26/2025,06:55 PM,07:15 PM,MAIN;ASL,Deeply Rooted,Main Hall,,Dr. Haifaa Younis,,,Session,,,,
12/26/2025,07:20 PM,07:40 PM,MAIN;ASL,Faith Under Fire: Staying Strong in Chaotic Times,Main Hall,,Suhaib Webb,,,Session,,,,
12/26/2025,07:40 PM,08:00 PM,MAIN;ASL,The Resilience of Martyrs,Main Hall,,Zaynab Ansari,,,Session,,,,
12/26/2025,08:00 PM,08:20 PM,MAIN,"Islam in America 2050: Is the Rise of Mamdani, the rise of Islam?",Main Hall,,Wesley Lebron; Ahmed Saqr; Malik Hassan,,,Session,,,,
12/26/2025,08:20 PM,08:40 PM,MAIN,"A Blaze of Injustice, A Beacon of Faith: Gaza, Sudan, and Our Moral Duty",Main Hall,,Omar Suleiman,,,Session,,,,
12/26/2025,08:40 PM,09:00 PM,,Break & Kids Pickup,,,,,,Session,,,,
12/26/2025,08:40 PM,09:00 PM,,MAS RQ Trivia - Cash Prizes,,,,,,Session,,,,
12/26/2025,09:00 PM,10:00 PM,MAIN,"Panel Discussion  American Muslim Community Facing Challenges with Faith, Resilience and Vision",Main Hall,,,,,Session,,,,
12/26/2025,10:00 PM,10:30 PM,,Qiyam ul Layl,Grand Ballroom Foyer,,,,,Session,,,,
12/27/2025,10:30 AM,11:15 AM,Parallel Program (Arabic),"""ماذا يفعل أعدائي بي…. إن جنّتي في قلبي""",Level 1 - S103ABC,"في زمن تتكاثر فيه الضغوط وتشتدّ المحن، يبحث الإنسان عن ملجأ داخلي يحفظ توازنه ويمنحه الطمأنينة. تأتي كلمات شيخ الإسلام ابن تيمية رحمه الله وللرجل كلمات مشهورة نقلها عنه تلميذه ابن القيم في كتابه الوابل الصيب من الكلم الطيب فيقول:سمعت شيخ الإسلام ابن تيمية قدس الله روحه يقول: ""إِنَّ في الدنيا جنة من لم يدخلها لا يدخل جنة الآخرة.وقال لي مرة: ما يصنع أعدائي بي؟ أنا جنتي وبستاني في صدري، إِنَّ رُحْت فهي معي لا تفارقني، إِنَّ حبسي خلوة، وقتلي شهادة، وإخراجي من بلدي سياحة.وقال لي مرة: المحبوس من حبس قلبه عن ربه تعالى، والمأسور من أسره هواه.ولما دخل إلى السجن وصار داخل سوره نظر إليه وقال: {فضرب بينهم بسور له باب باطنه فيه الرحمة وظاهره من قبله العذاب}لتفتح لنا بابًا عظيمًا في فهم معنى الحرية الحقيقية، والكرامة الداخلية، والقوة الروحية التي لا يستطيع أحد أن ينزعها من المؤمن.هذه المحاضرة تتناول كيف يصنع الإيمان جنة داخل القلب، لا تُهزم بالسجون، ولا تُكسر بالنفي، ولا تُطفأ بالنار. سنغوص في المعاني الإيمانية التي تجعل المسلم ثابتًا أمام الابتلاء، مطمئنًا عند الاضطراب، قويًا في مواجهة الخوف والضغط، لأن مصدر سكينته ليس خارجه بل في صلته بالله.",Suleman Al-Dgoor,,,Session,,,"In a time when pressures are spreading and distressing, man is looking for an internal shelter that preserves his balance and gives him reassurance. The words of the Shikh al-Islam, the son of the Teyumah, and the man are famous words conveyed by his son of values in his hard-won book of the good words: the Shikh al-Islam, the son of the Teyuma, the saint of God, said: ""Enth the delinquency of those who did not enter it shall not enter another heaven. He told me once: what makes my enemies me? I'm a fetus and a gardener in my chest, where I'm relieved she's with me. He once told me that he was locked in his heart from God. When he went to prison, he looked at him and said: "" ...they will be struck by a wall with a door of mercy and its appearance of torture "" to open a great door to understanding the meaning of true freedom, internal dignity and spiritual power that no one can remove from the believer. This lecture deals with how faith creates a paradise within the heart, is not defeated in prisons, is not broken in exile, and is not turned off by fire. We will dive in the faiths that make Muslims steadfast in the face of turmoil, reassured in turmoil, strong in the face of fear and pressure, because the source of his knife is not out of him, but in his connection to God.","في زمن تتكاثر فيه الضغوط وتشتدّ المحن، يبحث الإنسان عن ملجأ داخلي يحفظ توازنه ويمنحه الطمأنينة. تأتي كلمات شيخ الإسلام ابن تيمية رحمه الله وللرجل كلمات مشهورة نقلها عنه تلميذه ابن القيم في كتابه الوابل الصيب من الكلم الطيب فيقول:سمعت شيخ الإسلام ابن تيمية قدس الله روحه يقول: ""إِنَّ في الدنيا جنة من لم يدخلها لا يدخل جنة الآخرة.وقال لي مرة: ما يصنع أعدائي بي؟ أنا جنتي وبستاني في صدري، إِنَّ رُحْت فهي معي لا تفارقني، إِنَّ حبسي خلوة، وقتلي شهادة، وإخراجي من بلدي سياحة.وقال لي مرة: المحبوس من حبس قلبه عن ربه تعالى، والمأسور من أسره هواه.ولما دخل إلى السجن وصار داخل سوره نظر إليه وقال: {فضرب بينهم بسور له باب باطنه فيه الرحمة وظاهره من قبله العذاب}لتفتح لنا بابًا عظيمًا في فهم معنى الحرية الحقيقية، والكرامة الداخلية، والقوة الروحية التي لا يستطيع أحد أن ينزعها من المؤمن.هذه المحاضرة تتناول كيف يصنع الإيمان جنة داخل القلب، لا تُهزم بالسجون، ولا تُكسر بالنفي، ولا تُطفأ بالنار. سنغوص في المعاني الإيمانية التي تجعل المسلم ثابتًا أمام الابتلاء، مطمئنًا عند الاضطراب، قويًا في مواجهة الخوف والضغط، لأن مصدر سكينته ليس خارجه بل في صلته بالله."
12/27/2025,10:30 AM,11:15 AM,Youth,The Muslim Challenge- Kahoot Game Day,Level 4-N426,"Start the day with a fun icebreaker, then join an interactive Kahoot game testing your knowledge about the holiness of Palestine in Islam and the history of its occupation. Top scorers will win prizes—come ready to learn and compete!",,,,Session,,,"Start the day with a fun icebreaker, then join an interactive Kahoot game testing your knowledge about the holiness of Palestine in Islam and the history of its occupation. Top scorers will win prizes—come ready to learn and compete!","Start the day with a fun icebreaker, then join an interactive Kahoot game testing your knowledge about the holiness of Palestine in Islam and the history of its occupation. Top scorers will win prizes—come ready to learn and compete!"
12/27/2025,10:30 AM,11:15 AM,Parallel Program,Every “Musa” needs “Harun”. Together in the Struggle,Level 1 - S105A,"The story of Musa (AS) receiving Harun (AS) as support is one of the most profound Qur’anic examples of collaboration, complementarity, and unity for a divine mission. Musa (AS) did not ask for fame, ease, or assistance—he asked Allah for a partner:“And appoint for me a helper from my family — Harun, my brother.”This request teaches Muslims that no one carries a mission alone and that strength is multiplied when believers stand together.In today’s American Muslim community—diverse, multi-ethnic, and navigating rising challenges—Allah places “Haruns” in our lives: brothers and sisters from every background who complete our weaknesses, strengthen our resolve, and help us build institutions, movements, and legacies.This talk explores how cross-ethnic collaboration—African American, Arab, South Asian, Latino, and immigrant converts—forms the backbone of a resilient, influential American Muslim identity. Each speaker will guide the audience through a different angle of this prophetic model: (1) the spiritual and prophetic foundation of collaboration, (2) the practical and community-building application of collaboration across ethnic lines in America today. We rise together — or not at all.",Abdool Rahman Khan; Margari Hill,,,Session,,,"The story of Musa (AS) receiving Harun (AS) as support is one of the most profound Qur’anic examples of collaboration, complementarity, and unity for a divine mission. Musa (AS) did not ask for fame, ease, or assistance—he asked Allah for a partner:“And appoint for me a helper from my family — Harun, my brother.”This request teaches Muslims that no one carries a mission alone and that strength is multiplied when believers stand together.In today’s American Muslim community—diverse, multi-ethnic, and navigating rising challenges—Allah places “Haruns” in our lives: brothers and sisters from every background who complete our weaknesses, strengthen our resolve, and help us build institutions, movements, and legacies.This talk explores how cross-ethnic collaboration—African American, Arab, South Asian, Latino, and immigrant converts—forms the backbone of a resilient, influential American Muslim identity. Each speaker will guide the audience through a different angle of this prophetic model: (1) the spiritual and prophetic foundation of collaboration, (2) the practical and community-building application of collaboration across ethnic lines in America today. We rise together — or not at all.","The story of Musa (AS) receiving Harun (AS) as support is one of the most profound Qur’anic examples of collaboration, complementarity, and unity for a divine mission. Musa (AS) did not ask for fame, ease, or assistance—he asked Allah for a partner:“And appoint for me a helper from my family — Harun, my brother.”This request teaches Muslims that no one carries a mission alone and that strength is multiplied when believers stand together.In today’s American Muslim community—diverse, multi-ethnic, and navigating rising challenges—Allah places “Haruns” in our lives: brothers and sisters from every background who complete our weaknesses, strengthen our resolve, and help us build institutions, movements, and legacies.This talk explores how cross-ethnic collaboration—African American, Arab, South Asian, Latino, and immigrant converts—forms the backbone of a resilient, influential American Muslim identity. Each speaker will guide the audience through a different angle of this prophetic model: (1) the spiritual and prophetic foundation of collaboration, (2) the practical and community-building application of collaboration across ethnic lines in America today. We rise together — or not at all."
12/27/2025,10:30 AM,11:15 AM,MSA National,Happily Ever After,Level1- S101,"Can the modern Muslim marriage scene be a fairy tale? Does everyone get a “happily ever after?” College is a time where many begin the seeking process for marriage. While some are successful in this journey, others are not. At the same time, we are hearing countless opinions from people in the community: “You’re not ready to get married” or “You’re getting too old.” Allah SWT says in Surah Ar-Rum,وَمِنْ ءَايَـٰتِهِۦٓ أَنْ خَلَقَ لَكُم مِّنْ أَنفُسِكُمْ أَزْوَٰجًۭا لِّتَسْكُنُوٓا۟ إِلَيْهَا وَجَعَلَ بَيْنَكُم مَّوَدَّةًۭ وَرَحْمَةً ۚ إِنَّ فِى ذَٰلِكَ لَـَٔايَـٰتٍۢ لِّقَوْمٍۢ يَتَفَكَّرُونَ Another of His signs is that He created spouses from among yourselves for you to live with in tranquillity: He ordained love and kindness between you. There truly are signs in this for those who reflect (30:21).For those that find their spouse in college, how can we work towards a halal marriage? For those that Allah is making wait, how do we be patient in the process? Is college truly the time to seek a spouse?",Suhail Mulla; Lobna Mulla,,,Session,,,"Can the modern Muslim marriage scene be a fairy tale? Does everyone get a “happily ever after?” College is a time where many begin the seeking process for marriage. While some are successful in this journey, others are not. At the same time, we are hearing countless opinions from people in the community: “You’re not ready to get married” or “You’re getting too old.” All kind of SWT says in Surah Ar-Rum, and if you're going to love with him, There are truly signs in this for those who reflect (30:21).For those that find their spouse in college, how can we work towards a halal marriage? For those that Allah is making wait, how do we be patient in the process? Is college truly the time to seek a spouse?","Can the modern Muslim marriage scene be a fairy tale? Does everyone get a “happily ever after?” College is a time where many begin the seeking process for marriage. While some are successful in this journey, others are not. At the same time, we are hearing countless opinions from people in the community: “You’re not ready to get married” or “You’re getting too old.” Allah SWT says in Surah Ar-Rum,وَمِنْ ءَايَـٰتِهِۦٓ أَنْ خَلَقَ لَكُم مِّنْ أَنفُسِكُمْ أَزْوَٰجًۭا لِّتَسْكُنُوٓا۟ إِلَيْهَا وَجَعَلَ بَيْنَكُم مَّوَدَّةًۭ وَرَحْمَةً ۚ إِنَّ فِى ذَٰلِكَ لَـَٔايَـٰتٍۢ لِّقَوْمٍۢ يَتَفَكَّرُونَ Another of His signs is that He created spouses from among yourselves for you to live with in tranquillity: He ordained love and kindness between you. There truly are signs in this for those who reflect (30:21).For those that find their spouse in college, how can we work towards a halal marriage? For those that Allah is making wait, how do we be patient in the process? Is college truly the time to seek a spouse?"
12/27/2025,10:30 AM,11:15 AM,College & Young Professional;Yaqeen,The Historical Critical Method and Muslim Responses: Between Tradition and Modernity & Communal Resilience in the Sīrah: Lessons for Today’s Challenges,Level 1 - GB S100A,"The presentation examines the rise of the historical-critical method in the study of Islamic scripture and considers how Muslims today might engage with it thoughtfully. It will explore tensions between traditional hermeneutics and modern academic frameworks, suggesting constructive ways to navigate both continuity and renewal.",Omar Suleiman; Tom Facchine,,,Session,,,"The presentation examines the rise of the historical-critical method in the study of Islamic scripture and considers how Muslims today might engage with it thoughtfully. It will explore tensions between traditional hermeneutics and modern academic frameworks, suggesting constructive ways to navigate both continuity and renewal.","The presentation examines the rise of the historical-critical method in the study of Islamic scripture and considers how Muslims today might engage with it thoughtfully. It will explore tensions between traditional hermeneutics and modern academic frameworks, suggesting constructive ways to navigate both continuity and renewal."
12/27/2025,10:30 AM,11:15 AM,Health,Healing the Wounded Heart: Muslim Approaches to Trauma & Grief - Khalil Center,Level 1 - S102A,,"Sarah Syed, PsyD; Munsif Mubarak",,,Session,,,,
12/27/2025,10:30 AM,11:15 AM,Professional Society (AMPS),Organizing Outside the DEI Box in Corporate America,Hyatt Regency Ballrooms CDE,,Ahmed Ghanim; Mohamed Aly; Bassel Abushaban,,,Session,,,,
12/27/2025,10:30 AM,11:15 AM,Latinos (Ojalá),Voices of Change: Latino Muslims Leading the Way,Level 1 - S102BC,,Alma Campos; Wesley Lebron,,,Session,,,,
12/27/2025,10:30 AM,11:15 AM,Faith Power Alliance,"A New Political Reality: Rooted in Faith, Powered by People Potential",Level 1 - S105BC,"This session will introduce the Faith in Power Alliance and outline a vision for creating a new political reality for Muslims in America. Rooted in Islamic values and grounded in the principles of power organizing, the session will detail how collective action, disciplined strategy, and principled leadership can move the community from reactive participation to proactive agenda-setting. Participants will learn how faith, people power, and strategic alignment converge to establish Muslims as a political constituency capable of driving systemic change.",Ismahan Abdullahi; Akanke Rasheed; Joshua Salaam,,,Session,,,"This session will introduce the Faith in Power Alliance and outline a vision for creating a new political reality for Muslims in America. Rooted in Islamic values and grounded in the principles of power organizing, the session will detail how collective action, disciplined strategy, and principled leadership can move the community from reactive participation to proactive agenda-setting. Participants will learn how faith, people power, and strategic alignment converge to establish Muslims as a political constituency capable of driving systemic change.","This session will introduce the Faith in Power Alliance and outline a vision for creating a new political reality for Muslims in America. Rooted in Islamic values and grounded in the principles of power organizing, the session will detail how collective action, disciplined strategy, and principled leadership can move the community from reactive participation to proactive agenda-setting. Participants will learn how faith, people power, and strategic alignment converge to establish Muslims as a political constituency capable of driving systemic change."
12/27/2025,10:30 AM,11:15 AM,Oaktree Institute,Communication and Conflict: Managing Tension and Disagreements in Community Work,Level 1 - S105D,,Rami Kawas,,,Session,,,,
12/27/2025,10:30 AM,11:15 AM,Parallel Program,Panel Discussion Muslim Dads: Choosing Patience in the Hardest Moments,Level 1 - S106,"Fatherhood carries a quiet weight — a pressure to provide, protect, guide, and remain steady even when exhaustion runs deep. Many fathers silently shoulder emotional, spiritual, and physical burdens, often feeling unseen in their struggles. But Allah sees every sacrifice, every moment of restraint, every act of hidden patience.From Prophet Ibrāhīm (AS), who trusted Allah through unimaginable tests, to Ya‘qūb (AS), whose patience endured years of grief, to the Prophet Muhammad ﷺ—gentle, affectionate, and emotionally present with his children—our tradition is filled with models of fathers whose strength was rooted not in hardness, but in sabr, tawakkul, and mercy.This panel brings together two experienced Muslim fathers, mentors, and counselors—Shaykh Abdullah Oduro and Shaykh Kifah Mustapha—for a heartfelt, honest conversation about the unseen burdens of fatherhood. Through stories, prophetic guidance, and practical strategies, we will explore how dads can cultivate patience, reconnect intention, manage internal pressure, and rely on Allah in moments when the load feels heaviest.Join us for a session of reflection, support, and renewed purpose for every Muslim father striving to lead with sincerity and sabr.",Abdullah Abdullah; Kifah Mustapha,,,Session,,,"Fatherhood carries a quiet weight — a pressure to provide, protect, guide, and remain steady even when exhaustion runs deep. Many fathers silently shoulder emotional, spiritual, and physical burdens, often feeling unseen in their struggles. But Allah sees every sacrifice, every moment of restraint, every act of hidden patience.From Prophet Ibrāhăm (AS), who All trustedah through unimaginable tests, to Ya‘quib (AS), whose patience endured years of grief, to the Prophet Muhammad prayed God and peace—gentle, affection, and emotionally present with his children— fatherour traditions ooted not in hardness, but in sabr, tawakkul, and mercy. This panel brings together two experienced Muslim fathers, mentors, and counselors—Shaykh Abdullah Oduro and Shaykh Kifah Mustapha—for a heartfelt, honest conversation about the unseen burdens of fatherhood. Through stories, prophetic guidance, and practical strategies, we will explore how dads can cultivate patience, reconnect intention, manage internal pressure, and rely on allah in moments when the load feels heaviest. Join us for a session of reflection, support, and renewed purpose for every Muslim father striving to lead with sincerity and sabr.","Fatherhood carries a quiet weight — a pressure to provide, protect, guide, and remain steady even when exhaustion runs deep. Many fathers silently shoulder emotional, spiritual, and physical burdens, often feeling unseen in their struggles. But Allah sees every sacrifice, every moment of restraint, every act of hidden patience.From Prophet Ibrāhīm (AS), who trusted Allah through unimaginable tests, to Ya‘qūb (AS), whose patience endured years of grief, to the Prophet Muhammad ﷺ—gentle, affectionate, and emotionally present with his children—our tradition is filled with models of fathers whose strength was rooted not in hardness, but in sabr, tawakkul, and mercy.This panel brings together two experienced Muslim fathers, mentors, and counselors—Shaykh Abdullah Oduro and Shaykh Kifah Mustapha—for a heartfelt, honest conversation about the unseen burdens of fatherhood. Through stories, prophetic guidance, and practical strategies, we will explore how dads can cultivate patience, reconnect intention, manage internal pressure, and rely on Allah in moments when the load feels heaviest.Join us for a session of reflection, support, and renewed purpose for every Muslim father striving to lead with sincerity and sabr."
12/27/2025,10:30 AM,11:15 AM,My Ummah,بعد عام من سقوط نظام الأسد: المآلات الجيوسياسية للثورة السورية واستشراف طريق الإستقرار وبناء الدولة,Level 1 - S103D,تستعرض هذه المحاضرة التطورات المفصلية التي شهدتها الثورة السورية بعد مرور عام على سقوط نظام الأسد، مع التركيز على الأبعاد الجيوسياسية والإقليمية والدولية. كما تناقش المحاضرة تداعيات هذا التحول على مسار الاستقرار الداخلي وإمكانيات بناء الدولة، وتستعرض دور القوى الإقليمية والدولية في إعادة تشكيل المشهد السوري.تسلط المحاضرة الضوء على:التحولات السياسية والاقتصادية والاجتماعية بعد سقوط النظام.تأثير التدخلات الإقليمية والدولية على مسار الثورة وبناء الدولة.التحديات أمام استقرار سوريا وإعادة بناء مؤسسات الدولة.سيناريوهات المستقبل الممكنة واستراتيجيات التحرك نحو دولة مستقرة وفاعلة.,إسماعيل باشا; يحيي عبد الرحيم; Mohammad Badawy,,,Session,,,"This lecture reviews the detailed developments in the Syrian Revolution a year after the fall of the Assad regime, focusing on geopolitical, regional and international dimensions. The lecture also discusses the implications of this shift on the path of internal stability and the potential of State-building and reviews the role of regional and international forces in the restructuring of the Syrian scene. The lecture highlights: political, economic and social transformations after the fall of the system. Impact of regional and international interventions on the path of revolution and nation-building. Challenges to the stability of Syria and the reconstruction of State institutions. Possible future scenarios and strategies for moving towards a stable and effective State.",تستعرض هذه المحاضرة التطورات المفصلية التي شهدتها الثورة السورية بعد مرور عام على سقوط نظام الأسد، مع التركيز على الأبعاد الجيوسياسية والإقليمية والدولية. كما تناقش المحاضرة تداعيات هذا التحول على مسار الاستقرار الداخلي وإمكانيات بناء الدولة، وتستعرض دور القوى الإقليمية والدولية في إعادة تشكيل المشهد السوري.تسلط المحاضرة الضوء على:التحولات السياسية والاقتصادية والاجتماعية بعد سقوط النظام.تأثير التدخلات الإقليمية والدولية على مسار الثورة وبناء الدولة.التحديات أمام استقرار سوريا وإعادة بناء مؤسسات الدولة.سيناريوهات المستقبل الممكنة واستراتيجيات التحرك نحو دولة مستقرة وفاعلة.
12/27/2025,10:30 AM,11:15 AM,Parallel Program,(Special Session) Islamic Home Financing- Dispelling The Myths Guidance Residential,Level 1 - S104,,Hussam Qutub; Laila Khan; Abdessamad Melouane; Mohamad Nasir,,,Session,,,,
12/27/2025,10:30 AM,04:30 PM,BEAM Venture,BEAM Venture,Hyatt Regency Ballroom AB,BEAM Venture Registration,,,,Session,,,BEAM Venture Registration,BEAM Venture Registration
12/27/2025,10:30 AM,11:15 AM,MSA National,Happily Ever After,Level 1 - S101,"Can the modern Muslim marriage scene be a fairy tale? Does everyone get a “happily ever after?” College is a time where many begin the seeking process for marriage. While some are successful in this journey, others are not. At the same time, we are hearing countless opinions from people in the community: “You’re not ready to get married” or “You’re getting too old.” Allah SWT says in Surah Ar-Rum,وَمِنْ ءَايَـٰتِهِۦٓ أَنْ خَلَقَ لَكُم مِّنْ أَنفُسِكُمْ أَزْوَٰجًۭا لِّتَسْكُنُوٓا۟ إِلَيْهَا وَجَعَلَ بَيْنَكُم مَّوَدَّةًۭ وَرَحْمَةً ۚ إِنَّ فِى ذَٰلِكَ لَـَٔايَـٰتٍۢ لِّقَوْمٍۢ يَتَفَكَّرُونَ Another of His signs is that He created spouses from among yourselves for you to live with in tranquillity: He ordained love and kindness between you. There truly are signs in this for those who reflect (30:21).For those that find their spouse in college, how can we work towards a halal marriage? For those that Allah is making wait, how do we be patient in the process? Is college truly the time to seek a spouse?",Lobna Mulla; Suhail Mulla,,,Session,,,"Can the modern Muslim marriage scene be a fairy tale? Does everyone get a “happily ever after?” College is a time where many begin the seeking process for marriage. While some are successful in this journey, others are not. At the same time, we are hearing countless opinions from people in the community: “You’re not ready to get married” or “You’re getting too old.” All kind of SWT says in Surah Ar-Rum, and if you're going to love with him, There are truly signs in this for those who reflect (30:21).For those that find their spouse in college, how can we work towards a halal marriage? For those that Allah is making wait, how do we be patient in the process? Is college truly the time to seek a spouse?","Can the modern Muslim marriage scene be a fairy tale? Does everyone get a “happily ever after?” College is a time where many begin the seeking process for marriage. While some are successful in this journey, others are not. At the same time, we are hearing countless opinions from people in the community: “You’re not ready to get married” or “You’re getting too old.” Allah SWT says in Surah Ar-Rum,وَمِنْ ءَايَـٰتِهِۦٓ أَنْ خَلَقَ لَكُم مِّنْ أَنفُسِكُمْ أَزْوَٰجًۭا لِّتَسْكُنُوٓا۟ إِلَيْهَا وَجَعَلَ بَيْنَكُم مَّوَدَّةًۭ وَرَحْمَةً ۚ إِنَّ فِى ذَٰلِكَ لَـَٔايَـٰتٍۢ لِّقَوْمٍۢ يَتَفَكَّرُونَ Another of His signs is that He created spouses from among yourselves for you to live with in tranquillity: He ordained love and kindness between you. There truly are signs in this for those who reflect (30:21).For those that find their spouse in college, how can we work towards a halal marriage? For those that Allah is making wait, how do we be patient in the process? Is college truly the time to seek a spouse?"
12/27/2025,10:30 AM,11:15 AM,Research,Preparing Students for AI-Era Misinformation: An Inquiry-Based Intervention and Implications for Vulnerable Communities,Level 1 - S102D,"The widespread accessibility of generative artificial intelligence has accelerated online disinformation, including harmful content that often targets marginalized communities. This session examines how teaching students to question and verify media can improve their ability to recognize artificially generated and misleading information, drawing on findings from a classroom study with university students. It also highlights why these skills are especially important for the Muslim community, which is frequently targeted by stereotypes and misinformation.",Samia Alkam,,,Session,,,"The widespread accessibility of generative artificial intelligence has accelerated online disinformation, including harmful content that often targets marginalized communities. This session examines how teaching students to question and verify media can improve their ability to recognize artificially generated and misleading information, drawing on findings from a classroom study with university students. It also highlights why these skills are especially important for the Muslim community, which is frequently targeted by stereotypes and misinformation.","The widespread accessibility of generative artificial intelligence has accelerated online disinformation, including harmful content that often targets marginalized communities. This session examines how teaching students to question and verify media can improve their ability to recognize artificially generated and misleading information, drawing on findings from a classroom study with university students. It also highlights why these skills are especially important for the Muslim community, which is frequently targeted by stereotypes and misinformation."
12/27/2025,10:30 AM,11:15 AM,Research,Community-based Approach to Understanding Religious Strengths and Struggles of Muslim Youth,Level 1 - S102D,"The widespread accessibility of generative artificial intelligence has accelerated online disinformation, including harmful content that often targets marginalized communities. This session examines how teaching students to question and verify media can improve their ability to recognize artificially generated and misleading information, drawing on findings from a classroom study with university students. It also highlights why these skills are especially important for the Muslim community, which is frequently targeted by stereotypes and misinformation.",Madiha Tahseen,,,Session,,,"The widespread accessibility of generative artificial intelligence has accelerated online disinformation, including harmful content that often targets marginalized communities. This session examines how teaching students to question and verify media can improve their ability to recognize artificially generated and misleading information, drawing on findings from a classroom study with university students. It also highlights why these skills are especially important for the Muslim community, which is frequently targeted by stereotypes and misinformation.","The widespread accessibility of generative artificial intelligence has accelerated online disinformation, including harmful content that often targets marginalized communities. This session examines how teaching students to question and verify media can improve their ability to recognize artificially generated and misleading information, drawing on findings from a classroom study with university students. It also highlights why these skills are especially important for the Muslim community, which is frequently targeted by stereotypes and misinformation."
12/27/2025,11:45 AM,12:30 PM,Parallel Program (Arabic),"""ولولا دفع الله الناس بعضهم ببعض"" في أي الفريقين مقامك؟",Level 1 - S103ABC,في زمن تتكاثر فيه صور الظلم والخذلان، ويتردد فيه كثير من الناس بين الصمت والموقف، تأتي هذه المحاضرة لتُعيد طرح سؤال مصيري على كل مسلم:في أي صفّ تقف؟ صفّ الذين يدافع الله بهم عن الحق؟ أم صفّ المتفرجين؟المحاضرة تستند إلى مفهوم قرآني عظيم: أن الله يدفع الفساد بالناس، وأن الخير لا ينتصر بالحياد، بل برجال ونساء اختاروا أن يكونوا أدوات للحق في الأرض.سيتناول المتحدثان البعدين:العقدي: سنة الدفع في القرآن.العملي: كيف نُترجم هذا الدفع إلى مواقف في حياتنا اليومية، في زمن الفتن والاضطراب.,Osama Jaber; Ahmed Shukri,,,Session,,,"In a time when the images of injustice and failure are spreading, and many people hesitate between silence and attitude, this lecture comes back to re-selling a fateful question to every Muslim: in which class do you stand? Or watch class? Lecture is based on the great concept of my centuries: God pays corruption to people, and good does not triumph with neutrality, but with men and women who have chosen to be tools for the right to land. The two speakers will address the two dimensions: the year of payment in the Koran. Practical: How to translate this push into positions in our daily lives, in time of indignation and disturbance.",في زمن تتكاثر فيه صور الظلم والخذلان، ويتردد فيه كثير من الناس بين الصمت والموقف، تأتي هذه المحاضرة لتُعيد طرح سؤال مصيري على كل مسلم:في أي صفّ تقف؟ صفّ الذين يدافع الله بهم عن الحق؟ أم صفّ المتفرجين؟المحاضرة تستند إلى مفهوم قرآني عظيم: أن الله يدفع الفساد بالناس، وأن الخير لا ينتصر بالحياد، بل برجال ونساء اختاروا أن يكونوا أدوات للحق في الأرض.سيتناول المتحدثان البعدين:العقدي: سنة الدفع في القرآن.العملي: كيف نُترجم هذا الدفع إلى مواقف في حياتنا اليومية، في زمن الفتن والاضطراب.
12/27/2025,11:45 AM,12:30 PM,College & Young Professional,Pouring From an Empty Cup,Level 1 - GB S100A,"It’s easy to get engulfed in the hustle and bustle of life and forget to take care of yourself. Checking in on your own mental well-being and caring for yourself can feel like a burden more than a relief. Not to mention the stigma around mental illnesses, therapy, and treating psychological well-being as something to avoid, making it all the more difficult. With being responsible for taking care of so many others and the attempt to be active and help our ummah, how do we make sure we don’t forget to fill our own cups too?",Duaa Haggag,,,Session,,,"It’s easy to get engulfed in the hustle and bustle of life and forget to take care of yourself. Checking in on your own mental well-being and caring for yourself can feel like a burden more than a relief. Not to mention the stigma around mental illnesses, therapy, and treating psychological well-being as something to avoid, making it all the more difficult. With being responsible for taking care of so many others and the attempt to be active and help our ummah, how do we make sure we don’t forget to fill our own cups too?","It’s easy to get engulfed in the hustle and bustle of life and forget to take care of yourself. Checking in on your own mental well-being and caring for yourself can feel like a burden more than a relief. Not to mention the stigma around mental illnesses, therapy, and treating psychological well-being as something to avoid, making it all the more difficult. With being responsible for taking care of so many others and the attempt to be active and help our ummah, how do we make sure we don’t forget to fill our own cups too?"
12/27/2025,11:45 AM,12:30 PM,Youth,The Real FOMO,Level 4-N426,"In today's world, we often worry about missing out on fun, trends, or events in this life. But the real FOMO is missing out on Jannah. Sometimes we forget how important even the small good deeds are, such as saying a kind word, praying on time, giving charity, or helping someone. These simple acts can make a big difference for our akhria. Let’s not wait until it’s too late and wish we had done more. Every moment is a chance to earn a reward. Don’t miss out on what really matters.",Saad Tasleem,,,Session,,,"In today's world, we often worry about missing out on fun, trends, or events in this life. But the real FOMO is missing out on Jannah. Sometimes we forget how important even the small good deeds are, such as saying a kind word, praying on time, giving charity, or helping someone. These simple acts can make a big difference for our akhria. Let’s not wait until it’s too late and wish we had done more. Every moment is a chance to earn a reward. Don’t miss out on what really matters.","In today's world, we often worry about missing out on fun, trends, or events in this life. But the real FOMO is missing out on Jannah. Sometimes we forget how important even the small good deeds are, such as saying a kind word, praying on time, giving charity, or helping someone. These simple acts can make a big difference for our akhria. Let’s not wait until it’s too late and wish we had done more. Every moment is a chance to earn a reward. Don’t miss out on what really matters."
12/27/2025,11:45 AM,12:30 PM,Spousal & Parenting,Parenting Through the Pressure: Upholding Faith When Society Says Otherwise,Level 1 - S104,"In an age where societal norms often conflict with Islamic teachings, parenting has become both more challenging and more crucial. This session explores how Muslim parents can raise children who remain grounded in faith, confident in identity, and principled in their choices despite the waves of external pressure.Through reflection and practical discussion, we will address how parents can instill a deep love for Allah, nurture resilience rooted in īmān, and cultivate an environment at home where Islamic values are lived, not just taught. The talk will also highlight how to help children develop moral clarity and spiritual confidence when faced with confusing or contradictory messages from peers, media, and culture.Together, we will explore how to model prophetic wisdom in parenting — balancing mercy and firmness, teaching through example, and guiding children to see that true success lies not in conformity to society’s trends, but in steadfastness to divine guidance.",Yaser Birjas,,,Session,,,"In an age where societal norms often conflict with Islamic teachings, parenting has become both more challenging and more crucial. This session explores how Muslim parents can raise children who remain grounded in faith, confident in identity, and principled in their choices despite the waves of external pressure.Through reflection and practical discussion, we will address how parents can instill a deep love for Allah, nurture resilience rooted in īmān, and cultivate an environment at home where Islamic values are lived, not just taught. The talk will also highlight how to help children develop moral clarity and spiritual confidence when faced with confusing or contradictory messages from peers, media, and culture.Together, we will explore how to model prophetic wisdom in parenting — balancing mercy and firmness, teaching through example, and guiding children to see that true success lies not in conformity to society’s trends, but in steadfastness to divine guidance.","In an age where societal norms often conflict with Islamic teachings, parenting has become both more challenging and more crucial. This session explores how Muslim parents can raise children who remain grounded in faith, confident in identity, and principled in their choices despite the waves of external pressure.Through reflection and practical discussion, we will address how parents can instill a deep love for Allah, nurture resilience rooted in īmān, and cultivate an environment at home where Islamic values are lived, not just taught. The talk will also highlight how to help children develop moral clarity and spiritual confidence when faced with confusing or contradictory messages from peers, media, and culture.Together, we will explore how to model prophetic wisdom in parenting — balancing mercy and firmness, teaching through example, and guiding children to see that true success lies not in conformity to society’s trends, but in steadfastness to divine guidance."
12/27/2025,11:45 AM,12:30 PM,My Ummah,Egypt & Sudan: What’s Really Happening and Why It Matters to Us,Level 1 - S103D,"Across North Africa, two nations stand at critical crossroads—Egypt and Sudan. While global headlines often overlook their struggles, the realities unfolding on the ground carry profound consequences for the region, for the global balance of power, and for the wider Ummah.This session brings together two experts delivering sequential talks, each offering a clear, accessible, and heartfelt update on the latest developments.The first speaker will unpack Egypt’s political climate, economic crisis, and shifting regional posture—explaining what is driving instability, how everyday people are affected, and how regional powers are shaping Egypt’s trajectory.The second speaker will turn to Sudan’s devastating conflict, the humanitarian catastrophe, the collapse of state institutions, and the role of international actors fueling or mitigating the crisis.Together, the talks aim to move us beyond headlines toward deeper understanding—rooted in justice, compassion, and our responsibility as part of a global Ummah. Attendees will gain insight into:What is really happening behind official narrativesHow global and regional interests shape the lives of ordinary peopleWhy the crises in Egypt and Sudan matter to American Muslims—morally, politically, and strategicallyConcrete ways to stay informed, support relief, and advocate effectivelyThis session is both an update and a call to conscience—inviting us to recognize the suffering, resilience, and dignity of our brothers and sisters, and to reaffirm our responsibility toward an Ummah bound together by faith and shared destiny.",Ammar Alshukry; Ahmed Ghanim,,,Session,,,"Across North Africa, two nations stand at critical crossroads—Egypt and Sudan. While global headlines often overlook their struggles, the realities unfolding on the ground carry profound consequences for the region, for the global balance of power, and for the wider Ummah.This session brings together two experts delivering sequential talks, each offering a clear, accessible, and heartfelt update on the latest developments.The first speaker will unpack Egypt’s political climate, economic crisis, and shifting regional posture—explaining what is driving instability, how everyday people are affected, and how regional powers are shaping Egypt’s trajectory.The second speaker will turn to Sudan’s devastating conflict, the humanitarian catastrophe, the collapse of state institutions, and the role of international actors fueling or mitigating the crisis.Together, the talks aim to move us beyond headlines toward deeper understanding—rooted in justice, compassion, and our responsibility as part of a global Ummah. Attendees will gain insight into:What is really happening behind official narrativesHow global and regional interests shape the lives of ordinary peopleWhy the crises in Egypt and Sudan matter to American Muslims—morally, politically, and strategicallyConcrete ways to stay informed, support relief, and advocate effectivelyThis session is both an update and a call to conscience—inviting us to recognize the suffering, resilience, and dignity of our brothers and sisters, and to reaffirm our responsibility toward an Ummah bound together by faith and shared destiny.","Across North Africa, two nations stand at critical crossroads—Egypt and Sudan. While global headlines often overlook their struggles, the realities unfolding on the ground carry profound consequences for the region, for the global balance of power, and for the wider Ummah.This session brings together two experts delivering sequential talks, each offering a clear, accessible, and heartfelt update on the latest developments.The first speaker will unpack Egypt’s political climate, economic crisis, and shifting regional posture—explaining what is driving instability, how everyday people are affected, and how regional powers are shaping Egypt’s trajectory.The second speaker will turn to Sudan’s devastating conflict, the humanitarian catastrophe, the collapse of state institutions, and the role of international actors fueling or mitigating the crisis.Together, the talks aim to move us beyond headlines toward deeper understanding—rooted in justice, compassion, and our responsibility as part of a global Ummah. Attendees will gain insight into:What is really happening behind official narrativesHow global and regional interests shape the lives of ordinary peopleWhy the crises in Egypt and Sudan matter to American Muslims—morally, politically, and strategicallyConcrete ways to stay informed, support relief, and advocate effectivelyThis session is both an update and a call to conscience—inviting us to recognize the suffering, resilience, and dignity of our brothers and sisters, and to reaffirm our responsibility toward an Ummah bound together by faith and shared destiny."
12/27/2025,11:45 AM,12:30 PM,Parallel Program,Passing Laws with Purpose: The Halal Kosher Bill Muslim Civic Coalition,Level 1 - S105A,,Abdelnasser Rashid; Amina Barhumi,,,Session,,,,
12/27/2025,11:45 AM,12:30 PM,MSA National,When the World Gets Heavy,Level1- S101,"It feels so dystopian to go to class while the world is on fire. From Sudan to Gaza, to the Uyghurs of China, to the immigrant communities in the United States. How can we do our homework and work towards a future that is so uncertain? We have been bystanders to so much trauma, all of which is meant to be a reminder from Allah SWT. We are trying to juggle a “normal” life while our tax dollars and university tuitions hurt our own brothers and sisters. Some of us may even feel numb to the struggles we are witnessing. Allah SWT says in Surah An-Nahl, وَٱصْبِرْ وَمَا صَبْرُكَ إِلَّا بِٱللَّهِ ۚ وَلَا تَحْزَنْ عَلَيْهِمْ وَلَا تَكُ فِى ضَيْقٍۢ مِّمَّا يَمْكُرُونَ So [Prophet] be steadfast: your steadfastness comes only from God. Do not grieve over them; do not be distressed by their scheming, (16:127) How can we take care of our mental health while also working towards our future? On the other hand, how can we focus on our futures without becoming numb or complacent while witnessing these atrocities?",Tariq Musleh; Zaynab Ansari,,,Session,,,"It feels so dystopian to go to class while the world is on fire. From Sudan to Gaza, to the Uyghurs of China, to the immigrant communities in the United States. How can we do our homework and work towards a future that is so uncertain? We have been bystanders to so much trauma, all of which is meant to be a reminder from Allah SWT. We are trying to juggle a “normal” life while our tax dollars and university tuitions hurt our own brothers and sisters. Some of us may even feel numb to the struggles we are witnessing. Allah SWT says in Surah An-Nahl, become your protetete his ۚ won't be spared God and don't come back into play with his face. Do not grieve over them; do not be distressed by their scheming, (16:127) How can we take care of our mental health while also working towards our future? On the other hand, how can we focus on our futures without becoming numb or complacent while witnessing these atrocities?","It feels so dystopian to go to class while the world is on fire. From Sudan to Gaza, to the Uyghurs of China, to the immigrant communities in the United States. How can we do our homework and work towards a future that is so uncertain? We have been bystanders to so much trauma, all of which is meant to be a reminder from Allah SWT. We are trying to juggle a “normal” life while our tax dollars and university tuitions hurt our own brothers and sisters. Some of us may even feel numb to the struggles we are witnessing. Allah SWT says in Surah An-Nahl, وَٱصْبِرْ وَمَا صَبْرُكَ إِلَّا بِٱللَّهِ ۚ وَلَا تَحْزَنْ عَلَيْهِمْ وَلَا تَكُ فِى ضَيْقٍۢ مِّمَّا يَمْكُرُونَ So [Prophet] be steadfast: your steadfastness comes only from God. Do not grieve over them; do not be distressed by their scheming, (16:127) How can we take care of our mental health while also working towards our future? On the other hand, how can we focus on our futures without becoming numb or complacent while witnessing these atrocities?"
12/27/2025,11:45 AM,12:30 PM,Health,Hope and Healing in the Aftermath: Mental Health Lessons from Syria,Level 1 - S102A,,Hadia Zarzour,,,Session,,,,
12/27/2025,11:45 AM,12:30 PM,Professional Society (AMPS),"When HR Reads Your Tweets: Free Speech, Faith, and Your Job",Hyatt Regency Ballrooms CDE,,Samreen Haque; Sumreen Ahmad; Shereef Akeel,,,Session,,,,
12/27/2025,11:45 AM,12:30 PM,Latinos (Ojalá),"Rompiendo Estereotipos, Construyendo Puentes",Level 1 - S102BC,,Shirley Chun; Vilma Lopez; Wesley Lebron,,,Session,,,,
12/27/2025,11:45 AM,12:30 PM,Faith Power Alliance,From Gaza to City Hall: Fighting Injustice at Home and Abroad,Level 1 - S105BC,"This session will connect the dots between global injustice in Palestine, Kashmir, Uyghur and beyond, and the local injustices Muslim communities face in America, from discriminatory policies to attacks on civil rights. It will highlight how building political power is essential not only to protect Muslim communities domestically and influence U.S. foreign policy abroad, but also advancing justice both locally and globally.",Malik Hassan; Bader Al-Ghussein,,,Session,,,"This session will connect the dots between global injustice in Palestine, Kashmir, Uyghur and beyond, and the local injustices Muslim communities face in America, from discriminatory policies to attacks on civil rights. It will highlight how building political power is essential not only to protect Muslim communities domestically and influence U.S. foreign policy abroad, but also advancing justice both locally and globally.","This session will connect the dots between global injustice in Palestine, Kashmir, Uyghur and beyond, and the local injustices Muslim communities face in America, from discriminatory policies to attacks on civil rights. It will highlight how building political power is essential not only to protect Muslim communities domestically and influence U.S. foreign policy abroad, but also advancing justice both locally and globally."
12/27/2025,11:45 AM,12:30 PM,Oaktree Institute,From Self-Care to Self-Growth: Why Activists and Leaders Must Seek Mentorship and Upskilling,Level 1 - S105D,,Mohammad Hasan,,,Session,,,,
12/27/2025,11:45 AM,12:30 PM,Yaqeen,Harnessing AI: How Yaqeen Institute is Addressing Emerging Challenges and Opportunities & Socioemotional and Mental Health Implications of AI: An Islamic Perspective,Level 1 - S106,"Artificial intelligence is reshaping every sphere of life, including religious discourse. This talk will outline Yaqeen’s efforts to navigate the promises and risks of AI, focusing on responsible uses of technology to support research, education, and Muslim communities.",Altaf Husain; Mohamed AbuTaleb,,,Session,,,"Artificial intelligence is reshaping every sphere of life, including religious discourse. This talk will outline Yaqeen’s efforts to navigate the promises and risks of AI, focusing on responsible uses of technology to support research, education, and Muslim communities.","Artificial intelligence is reshaping every sphere of life, including religious discourse. This talk will outline Yaqeen’s efforts to navigate the promises and risks of AI, focusing on responsible uses of technology to support research, education, and Muslim communities."
12/27/2025,11:45 AM,12:30 PM,Research,At the Intersectionality of Growth Mindset and Technology Acceptance and Use: A Quantitative Study,Level 1 - S102D,"Studies have shown that having a growth mindset, or the belief that abilities can be developed, can be particularly beneficial when navigating challenges or new experiences. However, limited evidence exists on how growth mindset relates to technology acceptance and use across different ages. This quantitative study examined the relationships between growth mindset, technology acceptance and use, and age.",Yusra Saad Sarhan,,,Session,,,"Studies have shown that having a growth mindset, or the belief that abilities can be developed, can be particularly beneficial when navigating challenges or new experiences. However, limited evidence exists on how growth mindset relates to technology acceptance and use across different ages. This quantitative study examined the relationships between growth mindset, technology acceptance and use, and age.","Studies have shown that having a growth mindset, or the belief that abilities can be developed, can be particularly beneficial when navigating challenges or new experiences. However, limited evidence exists on how growth mindset relates to technology acceptance and use across different ages. This quantitative study examined the relationships between growth mindset, technology acceptance and use, and age."
12/27/2025,11:45 AM,12:30 PM,Research,Use of Innovative Methods to Understand How Muslim Youth Experience Ramadan in Real Time,Level 1 - S102D,"Studies have shown that having a growth mindset, or the belief that abilities can be developed, can be particularly beneficial when navigating challenges or new experiences. However, limited evidence exists on how growth mindset relates to technology acceptance and use across different ages. This quantitative study examined the relationships between growth mindset, technology acceptance and use, and age.",Madiha Tahseen,,,Session,,,"Studies have shown that having a growth mindset, or the belief that abilities can be developed, can be particularly beneficial when navigating challenges or new experiences. However, limited evidence exists on how growth mindset relates to technology acceptance and use across different ages. This quantitative study examined the relationships between growth mindset, technology acceptance and use, and age.","Studies have shown that having a growth mindset, or the belief that abilities can be developed, can be particularly beneficial when navigating challenges or new experiences. However, limited evidence exists on how growth mindset relates to technology acceptance and use across different ages. This quantitative study examined the relationships between growth mindset, technology acceptance and use, and age."
12/27/2025,02:00 PM,02:45 PM,MAIN,The Test of Comfort: Staying Faithful in Times of Ease,Level 3 - Hall B,"Hardship often awakens faith, pushes the believer to call upon Allah, and sharpens one’s sense of purpose. But comfort, ease, and privilege carry a different kind of test—one far more subtle and often far more dangerous. Allah reminds us:“But as for he who fears standing before his Lord and restrains his desires—Paradise will be his refuge.” (An-Nāziʿāt 79:40–41) This session explores a critical but neglected reality: not all believers are tested through oppression or adversity—some are tested through comfort, distraction, and abundance. While trials of hardship expose our patience, trials of ease expose our sincerity. Comfort can dull the heart, weaken resolve, and make us forget our purpose unless we remain alert, grateful, and disciplined. Through Qur’anic guidance, prophetic teachings, and lived examples, the speakers will highlight how times of ease demand vigilance, introspection, and intentional effort to stay close to Allah. The audience will walk away understanding the unseen dangers of comfort, practical ways to maintain spiritual discipline, and how to transform privilege into a means of servitude, gratitude, and purpose.",Ammar Alshukry; Mohamed AbuTaleb; Majed Mahmoud,,,Session,,,"Hardship often awakens faith, pushes the believer to call upon Allah, and sharpens one’s sense of purpose. But comfort, ease, and privilege carry a different kind of test—one far more subtle and often far more dangerous. Allah reminds us:“But as for he who fears standing before his Lord and restrains his desires—Paradise will be his refuge.” (An-Nāziʿāt 79:40–41) This session explores a critical but neglected reality: not all believers are tested through oppression or adversity—some are tested through comfort, distraction, and abundance. While trials of hardship expose our patience, trials of ease expose our sincerity. Comfort can dull the heart, weaken resolve, and make us forget our purpose unless we remain alert, grateful, and disciplined. Through Qur’anic guidance, prophetic teachings, and lived examples, the speakers will highlight how times of ease demand vigilance, introspection, and intentional effort to stay close to Allah. The audience will walk away understanding the unseen dangers of comfort, practical ways to maintain spiritual discipline, and how to transform privilege into a means of servitude, gratitude, and purpose.","Hardship often awakens faith, pushes the believer to call upon Allah, and sharpens one’s sense of purpose. But comfort, ease, and privilege carry a different kind of test—one far more subtle and often far more dangerous. Allah reminds us:“But as for he who fears standing before his Lord and restrains his desires—Paradise will be his refuge.” (An-Nāziʿāt 79:40–41) This session explores a critical but neglected reality: not all believers are tested through oppression or adversity—some are tested through comfort, distraction, and abundance. While trials of hardship expose our patience, trials of ease expose our sincerity. Comfort can dull the heart, weaken resolve, and make us forget our purpose unless we remain alert, grateful, and disciplined. Through Qur’anic guidance, prophetic teachings, and lived examples, the speakers will highlight how times of ease demand vigilance, introspection, and intentional effort to stay close to Allah. The audience will walk away understanding the unseen dangers of comfort, practical ways to maintain spiritual discipline, and how to transform privilege into a means of servitude, gratitude, and purpose."
12/27/2025,02:00 PM,02:45 PM,Parallel Program (Arabic),"""...اصبروا وصابروا ورابطوا …"" من غزّة نتعلّم الثبات",Level 1 - S103ABC,﴿…اصبروا وصابروا ورابطوا…﴾ من غزّة نتعلّم الثباتفي زمن تتكاثر فيه الابتلاءات، وتشتدّ فيه صور الألم والعجز، تقف غزّة شاهدًا حيًّا على معنى الثبات الربّاني، والصبر الذي لا ينكسر، والرباط الذي يتجاوز حدود الجغرافيا ليصنع مدرسةً للأمّة كلها.هذه الجلسة تستلهم من قوله تعالى:﴿يَا أَيُّهَا الَّذِينَ آمَنُوا اصْبِرُوا وَصَابِرُوا وَرَابِطُوا وَاتَّقُوا اللَّهَ لَعَلَّكُمْ تُفْلِحُونَ﴾لتقدّم قراءة إيمانية وواقعية لمعنى الصبر الجماعي، والمصابرة، والمرابطة، وكيف تتحوّل المأساة إلى منهاجٍ تربوي يُعيد بناء الإنسان المسلم من الداخل.سيتناول المتحدّثان كيف تعلّمنا غزّة أن الثبات ليس خيارًا ترفيًّا بل فريضة، وأن الأمل لا يولد من الراحة بل من عمق المعاناة، وأن الرباط اليوم قد يكون في الميدان، والقلب، والدعاء، والموقف، والوعي.,Haitham Alzamareeh; Mohammad Qatanani,,,Session,,,"﴿... patience, patience and attachment... from a patience that teaches constants in a time when swallows, and intensifies images of pain and disability, the enigma of a living witness stands at the meaning of veil, unbreakable patience, and a link that transcends the boundaries of geography to make a school for the entire nation. This session inspires him to say: The two of us will address how we learned a mystery that persistence is not a recreational but a prestigious option, that hope is not generated by comfort but deep suffering, and that today ' s bond may be in the field, heart, prayer, attitude and awareness.",﴿…اصبروا وصابروا ورابطوا…﴾ من غزّة نتعلّم الثباتفي زمن تتكاثر فيه الابتلاءات، وتشتدّ فيه صور الألم والعجز، تقف غزّة شاهدًا حيًّا على معنى الثبات الربّاني، والصبر الذي لا ينكسر، والرباط الذي يتجاوز حدود الجغرافيا ليصنع مدرسةً للأمّة كلها.هذه الجلسة تستلهم من قوله تعالى:﴿يَا أَيُّهَا الَّذِينَ آمَنُوا اصْبِرُوا وَصَابِرُوا وَرَابِطُوا وَاتَّقُوا اللَّهَ لَعَلَّكُمْ تُفْلِحُونَ﴾لتقدّم قراءة إيمانية وواقعية لمعنى الصبر الجماعي، والمصابرة، والمرابطة، وكيف تتحوّل المأساة إلى منهاجٍ تربوي يُعيد بناء الإنسان المسلم من الداخل.سيتناول المتحدّثان كيف تعلّمنا غزّة أن الثبات ليس خيارًا ترفيًّا بل فريضة، وأن الأمل لا يولد من الراحة بل من عمق المعاناة، وأن الرباط اليوم قد يكون في الميدان، والقلب، والدعاء، والموقف، والوعي.
12/27/2025,02:00 PM,02:45 PM,Youth,"""It's Okay To Not Be Okay""",Level 4-N426,,Tariq Musleh,,,Session,,,,
12/27/2025,02:00 PM,02:45 PM,Spousal & Parenting,Supporting Muslim Children During Political Turmoil - Khalil Center,Level 1 - S104,"As parents, Muslim Americans have faced having to manage our own fears and anxiety as well as our children’s while feeling unequipped to answer their valid questions about our own safety and belonging as well as the safety and future security of the Ummah. Children of all ages react differently to information that can be too overwhelming or scary to process and may act out in ways that are hard to recognize as anxiety, trauma or fear. Learn how to help your children from toddlers to teens by recognizing their need for your support and stability while also honoring their need for honesty and truth.","Sarah Syed, PsyD",,,Session,,,"As parents, Muslim Americans have faced having to manage our own fears and anxiety as well as our children’s while feeling unequipped to answer their valid questions about our own safety and belonging as well as the safety and future security of the Ummah. Children of all ages react differently to information that can be too overwhelming or scary to process and may act out in ways that are hard to recognize as anxiety, trauma or fear. Learn how to help your children from toddlers to teens by recognizing their need for your support and stability while also honoring their need for honesty and truth.","As parents, Muslim Americans have faced having to manage our own fears and anxiety as well as our children’s while feeling unequipped to answer their valid questions about our own safety and belonging as well as the safety and future security of the Ummah. Children of all ages react differently to information that can be too overwhelming or scary to process and may act out in ways that are hard to recognize as anxiety, trauma or fear. Learn how to help your children from toddlers to teens by recognizing their need for your support and stability while also honoring their need for honesty and truth."
12/27/2025,02:00 PM,02:45 PM,My Ummah,"Between Ideals and Pragmatism: Turkey’s Regional Actions in Gaza, Libya, and Syria and the Transformation at Home",Level 1 - S103D,"In a region defined by shifting alliances, persistent conflicts, and evolving public expectations, Turkey stands as one of the most influential—and scrutinized—actors. In this session, a member of the Turkish Parliament offers an insider’s perspective on how Turkey navigates the delicate balance between moral principles and political pragmatism across multiple fronts.The talk will explore Turkey’s current role in Gaza, including government policies, diplomatic efforts, and the unprecedented grassroots mobilization of the Turkish public. It will also examine Turkey’s strategic presence in Libya and Syria, highlighting how humanitarian commitments, geopolitical calculations, and security concerns intersect on the ground.Finally, the session turns inward, addressing the transformations within Turkey’s own political landscape: How is public support for the AK Party changing? What internal and external dynamics are shaping the country’s political future? And what does this mean for Turkey’s long-term regional stance?This talk offers a rare opportunity to hear directly from a policymaker deeply involved in Turkey’s regional and domestic affairs—providing clarity, context, and honest reflection on one of the Muslim world’s most pivotal players.",Işık Ercan; Meryem Göka; Rümeysa Kadak,,,Session,,,"In a region defined by shifting alliances, persistent conflicts, and evolving public expectations, Turkey stands as one of the most influential—and scrutinized—actors. In this session, a member of the Turkish Parliament offers an insider’s perspective on how Turkey navigates the delicate balance between moral principles and political pragmatism across multiple fronts.The talk will explore Turkey’s current role in Gaza, including government policies, diplomatic efforts, and the unprecedented grassroots mobilization of the Turkish public. It will also examine Turkey’s strategic presence in Libya and Syria, highlighting how humanitarian commitments, geopolitical calculations, and security concerns intersect on the ground.Finally, the session turns inward, addressing the transformations within Turkey’s own political landscape: How is public support for the AK Party changing? What internal and external dynamics are shaping the country’s political future? And what does this mean for Turkey’s long-term regional stance?This talk offers a rare opportunity to hear directly from a policymaker deeply involved in Turkey’s regional and domestic affairs—providing clarity, context, and honest reflection on one of the Muslim world’s most pivotal players.","In a region defined by shifting alliances, persistent conflicts, and evolving public expectations, Turkey stands as one of the most influential—and scrutinized—actors. In this session, a member of the Turkish Parliament offers an insider’s perspective on how Turkey navigates the delicate balance between moral principles and political pragmatism across multiple fronts.The talk will explore Turkey’s current role in Gaza, including government policies, diplomatic efforts, and the unprecedented grassroots mobilization of the Turkish public. It will also examine Turkey’s strategic presence in Libya and Syria, highlighting how humanitarian commitments, geopolitical calculations, and security concerns intersect on the ground.Finally, the session turns inward, addressing the transformations within Turkey’s own political landscape: How is public support for the AK Party changing? What internal and external dynamics are shaping the country’s political future? And what does this mean for Turkey’s long-term regional stance?This talk offers a rare opportunity to hear directly from a policymaker deeply involved in Turkey’s regional and domestic affairs—providing clarity, context, and honest reflection on one of the Muslim world’s most pivotal players."
12/27/2025,02:00 PM,02:45 PM,Parallel Program,Panel Discussion Passing the Torch: Muslim Organizations Preparing Youth to Lead,Level 1 - S105A,"This session explores how Muslim institutions can cultivate, mentor, and empower young Muslims to assume meaningful leadership roles within their communities. As organizations grow and senior leaders transition, the need for intentional succession planning becomes urgent. This topic highlights the essential elements of leadership development—from mentorship and skill-building to spiritual grounding, organizational trust, and creating real opportunities for youth to lead.The session aims to illuminate best practices, common challenges, and inspiring models that enable young Muslims to rise with confidence, competence, and commitment to serve the Ummah.",Ayman Hammous; Oussama Jammal; Saad Kazmi,,,Session,,,"This session explores how Muslim institutions can cultivate, mentor, and empower young Muslims to assume meaningful leadership roles within their communities. As organizations grow and senior leaders transition, the need for intentional succession planning becomes urgent. This topic highlights the essential elements of leadership development—from mentorship and skill-building to spiritual grounding, organizational trust, and creating real opportunities for youth to lead.The session aims to illuminate best practices, common challenges, and inspiring models that enable young Muslims to rise with confidence, competence, and commitment to serve the Ummah.","This session explores how Muslim institutions can cultivate, mentor, and empower young Muslims to assume meaningful leadership roles within their communities. As organizations grow and senior leaders transition, the need for intentional succession planning becomes urgent. This topic highlights the essential elements of leadership development—from mentorship and skill-building to spiritual grounding, organizational trust, and creating real opportunities for youth to lead.The session aims to illuminate best practices, common challenges, and inspiring models that enable young Muslims to rise with confidence, competence, and commitment to serve the Ummah."
12/27/2025,02:00 PM,02:45 PM,MSA National,"Standing Firm: Lessons from The Greats, GAZA & Else",Level1- S101,"College is a time of rapid change and adaptation. It is also a time when many students first confront questions of identity, justice, and their responsibility to stand firm in a world filled with challenges both personal and global. One day, you are acing exams and enjoying events on campus, the next you may change your major or lose a friend. At times, we may find ourselves questioning everything we once knew about our faith. “Why did Allah let me fail that class despite how much I studied?” “Why did they hurt me despite how much duaa I made for them?” “Why won’t Allah give me clarity on what to do next?” Allah SWT tells us in Surah Al-Ahzab verse 21, لَّقَدْ كَانَ لَكُمْ فِى رَسُولِ ٱللَّهِ أُسْوَةٌ حَسَنَةٌۭ لِّمَن كَانَ يَرْجُوا۟ ٱللَّهَ وَٱلْيَوْمَ ٱلْـَٔاخِرَ وَذَكَرَ ٱللَّهَ كَثِيرًۭا The Messenger of God is an excellent model for those of you who put your hope in God and the Last Day and remember Him often. Our faith is truly challenged in college. However, these issues have a studyguide. Every single prophet to walk this earth has taught us ways to hold firm onto the rope of Islam - and today, we continue to see echoes of those same qualities in resilient Muslim communities, from Palestine to Gaza, who embody sabr, clarity, and steadfastness in the face of oppression. Whether it's the clean heart of Muhammad ﷺ, the perseverance of Nuh AS, the strength of Musa AS, the patience of Ayoub AS, or the tawakkul of Ibrahim AS. How can we use their stories to prepare ourselves for the challenges of young adulthood - and also draw inspiration from communities today who model prophetic resilience in real time?",Hatem Bazian; Hussain Kamani,,,Session,,,"College is a time of rapid change and adaptation. It is also a time when many students first confront questions of identity, justice, and their responsibility to stand firm in a world filled with challenges both personal and global. One day, you are acing exams and enjoying events on campus, the next you may change your major or lose a friend. At times, we may find ourselves questioning everything we once knew about our faith. Why did allah let me fail that class despite how much I studied? "" Why did they hurt me despite how much dua I made for them? "" Why won't Allah give me clarity on what to do next? "" Allah SWT tells us in Surah Al-Ahzab verse 21, might have been so lame. Our faith is truly challenged in college. However, these issues have a studyguide. Every single prophet to walk this earth has taught us ways to hold firm onto the rope of Islam - and today, we continue to see echoes of those same qualities in resilient Muslim communities, from Palestine to Gaza, who embody sabr, clarity, and steadfastness in the face of oppression. Whether it's the clean heart of Muhammad prayed to God and peace, the perseverance of Nuh AS, the strength of Musa AS, the patience of Ayoub AS, or the tawakul of Ibrahim AS. How can we use their s s s tories to prepare ourselves for the challenges of young adulthood - and also draw inspiration from communities today who model prophetic resilience in real time?","College is a time of rapid change and adaptation. It is also a time when many students first confront questions of identity, justice, and their responsibility to stand firm in a world filled with challenges both personal and global. One day, you are acing exams and enjoying events on campus, the next you may change your major or lose a friend. At times, we may find ourselves questioning everything we once knew about our faith. “Why did Allah let me fail that class despite how much I studied?” “Why did they hurt me despite how much duaa I made for them?” “Why won’t Allah give me clarity on what to do next?” Allah SWT tells us in Surah Al-Ahzab verse 21, لَّقَدْ كَانَ لَكُمْ فِى رَسُولِ ٱللَّهِ أُسْوَةٌ حَسَنَةٌۭ لِّمَن كَانَ يَرْجُوا۟ ٱللَّهَ وَٱلْيَوْمَ ٱلْـَٔاخِرَ وَذَكَرَ ٱللَّهَ كَثِيرًۭا The Messenger of God is an excellent model for those of you who put your hope in God and the Last Day and remember Him often. Our faith is truly challenged in college. However, these issues have a studyguide. Every single prophet to walk this earth has taught us ways to hold firm onto the rope of Islam - and today, we continue to see echoes of those same qualities in resilient Muslim communities, from Palestine to Gaza, who embody sabr, clarity, and steadfastness in the face of oppression. Whether it's the clean heart of Muhammad ﷺ, the perseverance of Nuh AS, the strength of Musa AS, the patience of Ayoub AS, or the tawakkul of Ibrahim AS. How can we use their stories to prepare ourselves for the challenges of young adulthood - and also draw inspiration from communities today who model prophetic resilience in real time?"
12/27/2025,02:00 PM,02:45 PM,Health,Strengthening Faith and Emotional Wellness in Times of Chaos:  Lessons from Gaza,Level 1 - S102A,,Hadia Zarzour,,,Session,,,,
12/27/2025,02:00 PM,02:45 PM,Professional Society (AMPS),20 Ways to Share Islam at Work (Without Preaching),Hyatt Regency Ballrooms CDE,,Zabih Mamun; Nadeem Siddiqi; Azam Hashmi,,,Session,,,,
12/27/2025,02:00 PM,02:45 PM,Latinos (Ojalá),Criando Familias Fuertes: Luchando Contra La Corriente,Level 1 - S102BC,,Rebecca Abouqoud; Alejandro Perez; Alma Campos,,,Session,,,,
12/27/2025,02:00 PM,02:45 PM,Faith Power Alliance,Breaking Barriers : Why Muslims Struggle to Build Political Power,Level 1 - S105BC,"This session will confront the challenges preventing our community from full political engagement, including Islamophobia, surveillance, internal divisions, and fear of politics. It will also examine how damaging narratives in media and politics shape our public image and limit our influence. Participants will explore what it takes to shift from fragmentation and marginalization toward unity, discipline, and proactive engagement.",Tom Facchine; Ismahan Abdullahi,,,Session,,,"This session will confront the challenges preventing our community from full political engagement, including Islamophobia, surveillance, internal divisions, and fear of politics. It will also examine how damaging narratives in media and politics shape our public image and limit our influence. Participants will explore what it takes to shift from fragmentation and marginalization toward unity, discipline, and proactive engagement.","This session will confront the challenges preventing our community from full political engagement, including Islamophobia, surveillance, internal divisions, and fear of politics. It will also examine how damaging narratives in media and politics shape our public image and limit our influence. Participants will explore what it takes to shift from fragmentation and marginalization toward unity, discipline, and proactive engagement."
12/27/2025,02:00 PM,02:45 PM,Oaktree Institute,Accountability and Transparency in Our Organizations and Institutions,Level 1 - S105D,,Rami Kawas; Mohammad Hasan,,,Session,,,,
12/27/2025,02:00 PM,02:45 PM,Yaqeen,The Virtues and Hierarchies of Qur’anic Chapters and Verses & Symmetry and Internal Themes of a Surah,Level 1 - S106,"This talk examines the transmitted reports on the virtues (faḍāʾil) of specific Qur’anic chapters and verses, as well as the theological question of what it means for some parts of the Qur’an to be described as “superior” to others. It will explore how classical scholars approached these reports, the theological and spiritual implications of such hierarchies, and their relevance for contemporary Qur’anic engagement.",Suleiman Hani; Mohammed Elshinawy,,,Session,,,"This talk examines the transmitted reports on the virtues (faḍāʾil) of specific Qur’anic chapters and verses, as well as the theological question of what it means for some parts of the Qur’an to be described as “superior” to others. It will explore how classical scholars approached these reports, the theological and spiritual implications of such hierarchies, and their relevance for contemporary Qur’anic engagement.","This talk examines the transmitted reports on the virtues (faḍāʾil) of specific Qur’anic chapters and verses, as well as the theological question of what it means for some parts of the Qur’an to be described as “superior” to others. It will explore how classical scholars approached these reports, the theological and spiritual implications of such hierarchies, and their relevance for contemporary Qur’anic engagement."
12/27/2025,02:00 PM,02:45 PM,Research,"Empowering Muslim American Communities in End-of-Life Medical Decision-Making: Faith, Autonomy, and Education",Level 1 - S102D,"This presentation examines end‑of‑life medical decision‑making in Muslim American communities through a mosque‑based, multilingual qualitative study. Findings demonstrate how faith, family roles, communication barriers, and legal frameworks shape disclosure practices and contribute to low use of advance directives, highlighting misalignment between patient wishes and documented directives. These insights are guiding community education and healthcare provider training to advance culturally responsive models of care.",Nooralhuda Alhashim,,,Session,,,"This presentation examines end‑of‑life medical decision‑making in Muslim American communities through a mosque‑based, multilingual qualitative study. Findings demonstrate how faith, family roles, communication barriers, and legal frameworks shape disclosure practices and contribute to low use of advance directives, highlighting misalignment between patient wishes and documented directives. These insights are guiding community education and healthcare provider training to advance culturally responsive models of care.","This presentation examines end‑of‑life medical decision‑making in Muslim American communities through a mosque‑based, multilingual qualitative study. Findings demonstrate how faith, family roles, communication barriers, and legal frameworks shape disclosure practices and contribute to low use of advance directives, highlighting misalignment between patient wishes and documented directives. These insights are guiding community education and healthcare provider training to advance culturally responsive models of care."
12/27/2025,02:00 PM,02:45 PM,Research,Bridging the Gap: Policy Solutions and Recommendations for Muslim Patient Religious Accommodations in Healthcare,Level 1 - S102D,"This presentation examines end‑of‑life medical decision‑making in Muslim American communities through a mosque‑based, multilingual qualitative study. Findings demonstrate how faith, family roles, communication barriers, and legal frameworks shape disclosure practices and contribute to low use of advance directives, highlighting misalignment between patient wishes and documented directives. These insights are guiding community education and healthcare provider training to advance culturally responsive models of care.",Aasim Padela,,,Session,,,"This presentation examines end‑of‑life medical decision‑making in Muslim American communities through a mosque‑based, multilingual qualitative study. Findings demonstrate how faith, family roles, communication barriers, and legal frameworks shape disclosure practices and contribute to low use of advance directives, highlighting misalignment between patient wishes and documented directives. These insights are guiding community education and healthcare provider training to advance culturally responsive models of care.","This presentation examines end‑of‑life medical decision‑making in Muslim American communities through a mosque‑based, multilingual qualitative study. Findings demonstrate how faith, family roles, communication barriers, and legal frameworks shape disclosure practices and contribute to low use of advance directives, highlighting misalignment between patient wishes and documented directives. These insights are guiding community education and healthcare provider training to advance culturally responsive models of care."
12/27/2025,03:15 PM,04:00 PM,MAIN;College & Young Professional,The Rope of Allah: Unity When Division Threatens,Level 3 - Hall B,,Yasir Qadhi; Suleiman Hani,,,Session,,,,
12/27/2025,03:15 PM,04:00 PM,Parallel Program (Arabic),"""ولا تنازعوا فتفشلوا وتذهب ريحكم""",Level 1 - S103ABC,“ولا تنازعوا فتفشلوا وتذهب ريحكم: حين تهزم الأمة نفسها من الداخل”في زمن تمزّقه النزاعات الداخلية، وتشتّت فيه الصفوف، يذكّرنا القرآن بأن أول أسباب الهزيمة ليس قوة العدو… بل ضعف الوحدة. هذه الجلسة الثنائية تسلّط الضوء على سنّة إلهيّة خطيرة: أن التنازع الداخلي يُفشل المشاريع، ويُطفئ القوة، ويذهب بالهيبة والنصر.يناقش المتحدثان كيف تتحوّل الخلافات – من اختلاف تنوّع ورحمة – إلى صراعات أنهكت العمل الإسلامي وأضعفت حضور الأمة في ساحات الدعوة والسياسة والمجتمع. كما يقدّم المتحدثان رؤية عملية لإحياء ثقافة الوحدة، وإدارة الاختلاف بأخلاق القرآن، وبناء روح الفريق بعيدًا عن التنافس المرضي والتحزبات الضيقة.,Osama Jaber; Mohamed Moussa,,,Session,,,""" Do not fail and go to reign: when the nation itself is defeated from the inside "" at a time when internal conflicts are fragmented, in which the ranks are dispersed, the Koran reminds us that the first causes of defeat are not the power of the enemy... but the weakness of unity. This bilateral session highlights a dangerous divine year: internal conflict fails projects, turns off force, goes with gift and victory. Speakers discuss how differences - from diversity and mercy - transform into conflicts that have disrupted Islamic action and weakened the nation ' s presence in areas of advocacy, politics and society. Speakers also provide a practical vision to revive the culture of unity, manage the difference in the manner of the Koran and build the team ' s spirit away from satisfactory competition and narrow parties.",“ولا تنازعوا فتفشلوا وتذهب ريحكم: حين تهزم الأمة نفسها من الداخل”في زمن تمزّقه النزاعات الداخلية، وتشتّت فيه الصفوف، يذكّرنا القرآن بأن أول أسباب الهزيمة ليس قوة العدو… بل ضعف الوحدة. هذه الجلسة الثنائية تسلّط الضوء على سنّة إلهيّة خطيرة: أن التنازع الداخلي يُفشل المشاريع، ويُطفئ القوة، ويذهب بالهيبة والنصر.يناقش المتحدثان كيف تتحوّل الخلافات – من اختلاف تنوّع ورحمة – إلى صراعات أنهكت العمل الإسلامي وأضعفت حضور الأمة في ساحات الدعوة والسياسة والمجتمع. كما يقدّم المتحدثان رؤية عملية لإحياء ثقافة الوحدة، وإدارة الاختلاف بأخلاق القرآن، وبناء روح الفريق بعيدًا عن التنافس المرضي والتحزبات الضيقة.
12/27/2025,03:15 PM,04:00 PM,Youth,Lowering the Gaze,Level 4-N426,,Lena Tleib; Mohammad Badawy,,,Session,,,,
12/27/2025,03:15 PM,04:00 PM,Spousal & Parenting,"They Won’t Always Have Me, But They’ll Have Each Other",Level 1 - S104,"Siblings are often a child’s first friends, confidants, and lifelong companions—but strong sibling relationships don’t grow automatically. In today’s fast-paced, high-pressure households, rivalry, comparison, jealousy, and everyday conflict can strain even the closest siblings. Yet Islam teaches us the value of supportive bonds, unity, mercy, and cooperation—beginning within the family itself.This session explores how parents can intentionally nurture empathy, cooperation, and respect between their children so that siblings become each other’s emotional anchors long after childhood. Drawing on Qur’anic examples, prophetic teachings, and real-life family dynamics, our speakers will guide parents toward building a home environment where sibling relationships are strengthened through compassion, teamwork, and shared identity. Because while parents may not always be there to guide every step, a child who has a loving sister or brother has a lifelong ally.",Altaf Husain; Zaynab Ansari,,,Session,,,"Siblings are often a child’s first friends, confidants, and lifelong companions—but strong sibling relationships don’t grow automatically. In today’s fast-paced, high-pressure households, rivalry, comparison, jealousy, and everyday conflict can strain even the closest siblings. Yet Islam teaches us the value of supportive bonds, unity, mercy, and cooperation—beginning within the family itself.This session explores how parents can intentionally nurture empathy, cooperation, and respect between their children so that siblings become each other’s emotional anchors long after childhood. Drawing on Qur’anic examples, prophetic teachings, and real-life family dynamics, our speakers will guide parents toward building a home environment where sibling relationships are strengthened through compassion, teamwork, and shared identity. Because while parents may not always be there to guide every step, a child who has a loving sister or brother has a lifelong ally.","Siblings are often a child’s first friends, confidants, and lifelong companions—but strong sibling relationships don’t grow automatically. In today’s fast-paced, high-pressure households, rivalry, comparison, jealousy, and everyday conflict can strain even the closest siblings. Yet Islam teaches us the value of supportive bonds, unity, mercy, and cooperation—beginning within the family itself.This session explores how parents can intentionally nurture empathy, cooperation, and respect between their children so that siblings become each other’s emotional anchors long after childhood. Drawing on Qur’anic examples, prophetic teachings, and real-life family dynamics, our speakers will guide parents toward building a home environment where sibling relationships are strengthened through compassion, teamwork, and shared identity. Because while parents may not always be there to guide every step, a child who has a loving sister or brother has a lifelong ally."
12/27/2025,03:15 PM,04:00 PM,My Ummah,Panel Discussion: My Ummah and American Influence,Level 1 - S103D,"America plays a powerful and complex role in shaping global events that impact the Muslim Ummah—from foreign policy and military alliances to humanitarian aid, media narratives, and cultural norms. For Muslims at home and abroad, the United States can be both a source of harm and a force for positive influence. As Gaza, Sudan, and other crises unfold, the question becomes: How does American influence shape the destiny of the Ummah—and what is our responsibility within that system?This panel brings together three expert voices—a policy-making professional, a sociologist/community organizer, and a Turkish parliament member—to explore how American political decisions, social movements, and transnational relationships shape the wellbeing of Muslim communities worldwide. Through an open, dialog-style conversation, panelists will examine U.S. foreign policy, grassroots influence, diaspora activism, and shifting global alliances, while discussing how Muslims can strategically use their position within America to uplift the Ummah.This is not merely a critique of American power—it is an honest, holistic exploration of how Muslims can understand, navigate, and harness influence within the world’s most powerful nation to advocate for justice, protect vulnerable populations, and strengthen the bonds of the global Ummah.",Dalia Mogahed; Ihsan Bagby,,,Session,,,"America plays a powerful and complex role in shaping global events that impact the Muslim Ummah—from foreign policy and military alliances to humanitarian aid, media narratives, and cultural norms. For Muslims at home and abroad, the United States can be both a source of harm and a force for positive influence. As Gaza, Sudan, and other crises unfold, the question becomes: How does American influence shape the destiny of the Ummah—and what is our responsibility within that system?This panel brings together three expert voices—a policy-making professional, a sociologist/community organizer, and a Turkish parliament member—to explore how American political decisions, social movements, and transnational relationships shape the wellbeing of Muslim communities worldwide. Through an open, dialog-style conversation, panelists will examine U.S. foreign policy, grassroots influence, diaspora activism, and shifting global alliances, while discussing how Muslims can strategically use their position within America to uplift the Ummah.This is not merely a critique of American power—it is an honest, holistic exploration of how Muslims can understand, navigate, and harness influence within the world’s most powerful nation to advocate for justice, protect vulnerable populations, and strengthen the bonds of the global Ummah.","America plays a powerful and complex role in shaping global events that impact the Muslim Ummah—from foreign policy and military alliances to humanitarian aid, media narratives, and cultural norms. For Muslims at home and abroad, the United States can be both a source of harm and a force for positive influence. As Gaza, Sudan, and other crises unfold, the question becomes: How does American influence shape the destiny of the Ummah—and what is our responsibility within that system?This panel brings together three expert voices—a policy-making professional, a sociologist/community organizer, and a Turkish parliament member—to explore how American political decisions, social movements, and transnational relationships shape the wellbeing of Muslim communities worldwide. Through an open, dialog-style conversation, panelists will examine U.S. foreign policy, grassroots influence, diaspora activism, and shifting global alliances, while discussing how Muslims can strategically use their position within America to uplift the Ummah.This is not merely a critique of American power—it is an honest, holistic exploration of how Muslims can understand, navigate, and harness influence within the world’s most powerful nation to advocate for justice, protect vulnerable populations, and strengthen the bonds of the global Ummah."
12/27/2025,03:15 PM,04:00 PM,Parallel Program,Stay Here or Go Elsewhere?,Level 1 - S105A,"Over the past two years, countless Muslims—especially younger generations—have expressed deep frustration, moral fatigue, and disillusionment with living in a country whose government has been complicit in the genocide of Palestinians. Statements like “I can’t keep paying taxes to a government doing this,” “I don’t see a future here,” and “Maybe I should just leave” have become increasingly common.This is not a question with a single correct answer, nor a matter of religious obligation to remain or to migrate. Rather, it is a deeply personal, deeply emotional, and deeply strategic question that deserves mature, nuanced discussion. This session aims to address that conversation head-on.The session will explore the internal struggle many Muslims are facing: (a) We will unpack the emotional, ethical, and spiritual dimensions of the dilemma—acknowledging the pain, the disillusionment, and the legitimacy of the concerns. (b) We will expand on the strategic, community-centered, and forward-looking perspective—what it means to build, influence, and create positive change here, while understanding that no place on earth offers a perfect, utopian existence.This session does not tell people what choice to make. Instead, it gives them the clarity, frameworks, and grounded Islamic principles to evaluate their own circumstances and make decisions with confidence and responsibility.At its heart, the discussion encourages Muslims to view their presence—wherever they choose to be—not merely as residents, but as agents of change, with a mission, a voice, and the potential to shape the future.",Ieasha Prime; Rami Bleibel,,,Session,,,"Over the past two years, countless Muslims—especially younger generations—have expressed deep frustration, moral fatigue, and disillusionment with living in a country whose government has been complicit in the genocide of Palestinians. Statements like “I can’t keep paying taxes to a government doing this,” “I don’t see a future here,” and “Maybe I should just leave” have become increasingly common.This is not a question with a single correct answer, nor a matter of religious obligation to remain or to migrate. Rather, it is a deeply personal, deeply emotional, and deeply strategic question that deserves mature, nuanced discussion. This session aims to address that conversation head-on.The session will explore the internal struggle many Muslims are facing: (a) We will unpack the emotional, ethical, and spiritual dimensions of the dilemma—acknowledging the pain, the disillusionment, and the legitimacy of the concerns. (b) We will expand on the strategic, community-centered, and forward-looking perspective—what it means to build, influence, and create positive change here, while understanding that no place on earth offers a perfect, utopian existence.This session does not tell people what choice to make. Instead, it gives them the clarity, frameworks, and grounded Islamic principles to evaluate their own circumstances and make decisions with confidence and responsibility.At its heart, the discussion encourages Muslims to view their presence—wherever they choose to be—not merely as residents, but as agents of change, with a mission, a voice, and the potential to shape the future.","Over the past two years, countless Muslims—especially younger generations—have expressed deep frustration, moral fatigue, and disillusionment with living in a country whose government has been complicit in the genocide of Palestinians. Statements like “I can’t keep paying taxes to a government doing this,” “I don’t see a future here,” and “Maybe I should just leave” have become increasingly common.This is not a question with a single correct answer, nor a matter of religious obligation to remain or to migrate. Rather, it is a deeply personal, deeply emotional, and deeply strategic question that deserves mature, nuanced discussion. This session aims to address that conversation head-on.The session will explore the internal struggle many Muslims are facing: (a) We will unpack the emotional, ethical, and spiritual dimensions of the dilemma—acknowledging the pain, the disillusionment, and the legitimacy of the concerns. (b) We will expand on the strategic, community-centered, and forward-looking perspective—what it means to build, influence, and create positive change here, while understanding that no place on earth offers a perfect, utopian existence.This session does not tell people what choice to make. Instead, it gives them the clarity, frameworks, and grounded Islamic principles to evaluate their own circumstances and make decisions with confidence and responsibility.At its heart, the discussion encourages Muslims to view their presence—wherever they choose to be—not merely as residents, but as agents of change, with a mission, a voice, and the potential to shape the future."
12/27/2025,03:15 PM,04:00 PM,MSA National,The Best Example: Leadership Lessons from the Seerah,Level1- S101,"Many of us hold leadership roles within our MSAs and on our campuses. How can we ensure we are following his example? How can we revive the sunnah not just on our campuses, but in our everyday lives? The most perfect man to walk this Earth was a natural leader (PBUH). He was kind, attentive, responsible, strong, honest, the list goes on. Allah SWT tells us that our beloved Prophet ﷺ was “a mercy to mankind.” He says in Surah Al-Anbiya, وَمَآ أَرْسَلْنَـٰكَ إِلَّا رَحْمَةًۭ لِّلْعَـٰلَمِينَ It was only as a mercy that We sent you [Prophet] to all people (21:107) We are all messengers of the Messenger ﷺ, but how far have we strayed from his qualities? Unfortunately, many of our MSAs are filled with harshness, apathy, and dishonesty.",Majed Mahmoud; Fuad Mohamed,,,Session,,,"Many of us hold leadership roles within our MSAs and on our campuses. How can we ensure we are following his example? How can we revive the sunnah not just on our campuses, but in our everyday lives? The most perfect man to walk this Earth was a natural leader (PBUH). He was kind, attentive, responsible, strong, honest, the list goes on. Allah SWT tells us that our beloved Prophet prayed to God and peace was “a mercy to mankind.” He says in Surah Al-Anbiya, when I send you [Prophet] to all people (21:107) Weness are all messengers of the Messenger filled with sad strty but we have many of his cruelalty that we sent you [Prophet] to all people (21:107) Weness are all messengers of the Messenger filled with poorly strayed to him and far.","Many of us hold leadership roles within our MSAs and on our campuses. How can we ensure we are following his example? How can we revive the sunnah not just on our campuses, but in our everyday lives? The most perfect man to walk this Earth was a natural leader (PBUH). He was kind, attentive, responsible, strong, honest, the list goes on. Allah SWT tells us that our beloved Prophet ﷺ was “a mercy to mankind.” He says in Surah Al-Anbiya, وَمَآ أَرْسَلْنَـٰكَ إِلَّا رَحْمَةًۭ لِّلْعَـٰلَمِينَ It was only as a mercy that We sent you [Prophet] to all people (21:107) We are all messengers of the Messenger ﷺ, but how far have we strayed from his qualities? Unfortunately, many of our MSAs are filled with harshness, apathy, and dishonesty."
12/27/2025,03:15 PM,04:00 PM,Health;FYI,Achieving Contentment: a Psycho-Spiritual Approach by The FYI,Level 1 - S102A,,Duaa Haggag,,,Session,,,,
12/27/2025,03:15 PM,04:00 PM,Professional Society (AMPS),"Faith, Power & Public Service — Muslim Americans Leading at Every Level",Hyatt Regency Ballrooms CDE,,Katie Qutub; Abdul El-Sayed,,,Session,,,,
12/27/2025,03:15 PM,04:00 PM,Faith Power Alliance,Intimidating the Community — Silencing the Brave Voices Advocating for the Ummah,Level 1 - S105BC,"This session will present a framework for building durable Muslim political power. We will examine how organized communities can transform their communities into hubs of civic and political engagement, expand grassroots capacity, and leverage advocacy to influence policy at every level of government. We will explore how Muslims can shift the political landscape and position our communities as a decisive force in shaping America’s political landscape.",Nihad Awad; Osama Abuirshaid; Esam Omeish,,,Session,,,"This session will present a framework for building durable Muslim political power. We will examine how organized communities can transform their communities into hubs of civic and political engagement, expand grassroots capacity, and leverage advocacy to influence policy at every level of government. We will explore how Muslims can shift the political landscape and position our communities as a decisive force in shaping America’s political landscape.","This session will present a framework for building durable Muslim political power. We will examine how organized communities can transform their communities into hubs of civic and political engagement, expand grassroots capacity, and leverage advocacy to influence policy at every level of government. We will explore how Muslims can shift the political landscape and position our communities as a decisive force in shaping America’s political landscape."
12/27/2025,03:15 PM,04:00 PM,Yaqeen,Facing the Fear of Death: Secular and Islamic Perspectives & Fear and Hope in Qurʾanic and Islamic Thought,Level 1 - S106,"This presentation examines death anxiety as both a psychological and theological concern. Modern secular approaches often minimize or suppress the reality of death, producing limited strategies for coping. By contrast, figures such as Ibn Sīnā and Ibn al-Qayyim engaged the fear of death as a natural yet purposeful experience, offering cognitive, spiritual, and ethical frameworks that transform fear into resilience and meaning.",Roohi Tahir; Abdullah Abdullah,,,Session,,,"This presentation examines death anxiety as both a psychological and theological concern. Modern secular approaches often minimize or suppress the reality of death, producing limited strategies for coping. By contrast, figures such as Ibn Sīnā and Ibn al-Qayyim engaged the fear of death as a natural yet purposeful experience, offering cognitive, spiritual, and ethical frameworks that transform fear into resilience and meaning.","This presentation examines death anxiety as both a psychological and theological concern. Modern secular approaches often minimize or suppress the reality of death, producing limited strategies for coping. By contrast, figures such as Ibn Sīnā and Ibn al-Qayyim engaged the fear of death as a natural yet purposeful experience, offering cognitive, spiritual, and ethical frameworks that transform fear into resilience and meaning."
12/27/2025,03:15 PM,04:00 PM,Latinos (Ojalá),From Struggle to Sakina: The Convert Journey,Level 1 - S102BC,,Christopher Abdul Kareem; Jay Avdic; Raul Gonzalez,,,Session,,,,
12/27/2025,03:15 PM,04:00 PM,Oaktree Institute,The AI Revolution: Rethinking the Future of Your Work and Your Organization,Level 1 - S105D,,Rami Kawas; Mohammad Hasan,,,Session,,,,
12/27/2025,03:15 PM,04:00 PM,Research,"SelebeYoon as Healing-Centered Methodology: A Black Muslim Framework for Community Empowerment, Emotional Wellness, and Research Justice",Level 1 - S102D,,Kameelah Mu'Min Oseguera,,,Session,,,,
12/27/2025,03:15 PM,04:00 PM,Research,A Trust Pipeline to Tech Careers: Evaluating the Impact of Identity-Anchored Empowerment for Immigrant Muslim Women,Level 1 - S102D,,Hassiba Makour,,,Session,,,,
12/27/2025,05:00 PM,06:00 PM,MSA National,MSA Networking Session,Level 1-S101,Join us for our annual MSA Networking Event at MASCON! Come connect with MSA students from all over the country and learn more about MSA National! Dinner will be provided.,,,,Session,,,Join us for our annual MSA Networking Event at MASCON! Come connect with MSA students from all over the country and learn more about MSA National! Dinner will be provided.,Join us for our annual MSA Networking Event at MASCON! Come connect with MSA students from all over the country and learn more about MSA National! Dinner will be provided.
12/27/2025,05:00 PM,06:00 PM,College & Young Professional,Faith in Focus: Crafting a Life & Career That Reflects Divine Purpose,Level 1-S104,"In a time when faith is tested and purpose feels distant, we need to realign our life and career with divine purpose. Faith in Focus is an open mic Halaqah featuring Imam and Career Coach Youssef Mekawy, guiding Muslims to design purposeful lives and careers rooted in Tawakul, Sabr, and Taqwa. In a world of chaos and pressure, this session offers Qur’anic insights and real-life reflections to help reframe success—not as a race for status, but as a journey of sincerity, service, and spiritual strength. Bring your voice. Share your story. Ask real questions. Connect with a community striving to live with clarity, courage, and conviction.",Youssef Mekawy,,,Session,,,"In a time when faith is tested and purpose feels distant, we need to realign our life and career with divine purpose. Faith in Focus is an open mic Halaqah featuring Imam and Career Coach Youssef Mekawy, guiding Muslims to design purposeful lives and careers rooted in Tawakul, Sabr, and Taqwa. In a world of chaos and pressure, this session offers Qur’anic insights and real-life reflections to help reframe success—not as a race for status, but as a journey of sincerity, service, and spiritual strength. Bring your voice. Share your story. Ask real questions. Connect with a community striving to live with clarity, courage, and conviction.","In a time when faith is tested and purpose feels distant, we need to realign our life and career with divine purpose. Faith in Focus is an open mic Halaqah featuring Imam and Career Coach Youssef Mekawy, guiding Muslims to design purposeful lives and careers rooted in Tawakul, Sabr, and Taqwa. In a world of chaos and pressure, this session offers Qur’anic insights and real-life reflections to help reframe success—not as a race for status, but as a journey of sincerity, service, and spiritual strength. Bring your voice. Share your story. Ask real questions. Connect with a community striving to live with clarity, courage, and conviction."
12/27/2025,05:00 PM,06:00 PM,Professional Society (AMPS),"Business, Marketing & Law Networking: by MAS YP Lighthouse x Professional Society (AMPS)",Hyatt Regency Ballrooms CDE,"This open and free Networking Session is a dynamic gathering designed to connect emerging leaders across business, marketing, and legal fields, fostering collaboration, mentorship, and professional growth. Participants will engage in meaningful discussions, share innovative ideas, and explore new opportunities while building lasting relationships that support career advancement and community impact.Type of careers: Marketing, Finance, Management, Entrepreneurship, Consulting, Accounting, Supply Chain Management, Business Analytics, Lawyers, Legal Advisors, Compliance Officers, Corporate Counsel, Paralegals, Legal Consultants, and more.",,,,Session,,,"This open and free Networking Session is a dynamic gathering designed to connect emerging leaders across business, marketing, and legal fields, fostering collaboration, mentorship, and professional growth. Participants will engage in meaningful discussions, share innovative ideas, and explore new opportunities while building lasting relationships that support career advancement and community impact.Type of careers: Marketing, Finance, Management, Entrepreneurship, Consulting, Accounting, Supply Chain Management, Business Analytics, Lawyers, Legal Advisors, Compliance Officers, Corporate Counsel, Paralegals, Legal Consultants, and more.","This open and free Networking Session is a dynamic gathering designed to connect emerging leaders across business, marketing, and legal fields, fostering collaboration, mentorship, and professional growth. Participants will engage in meaningful discussions, share innovative ideas, and explore new opportunities while building lasting relationships that support career advancement and community impact.Type of careers: Marketing, Finance, Management, Entrepreneurship, Consulting, Accounting, Supply Chain Management, Business Analytics, Lawyers, Legal Advisors, Compliance Officers, Corporate Counsel, Paralegals, Legal Consultants, and more."
12/27/2025,05:00 PM,06:00 PM,FYI,Co-Parenting with Wisdom: Planning for Stability and Harmony with The FYI and Wasilah,Level 1-S103D,,,,,Session,,,,
12/27/2025,06:15 PM,06:35 PM,MAIN,Just a Bump in the Road — or Is the American Dream in Crisis?,Main Hall,,Yasir Qadhi,,,Session,,,,
12/27/2025,06:40 PM,07:00 PM,MAIN,The Boiling Point: Standing Firm in Faith Without Compromise,Main Hall,"There are times in life when the pressure feels unbearable—when trials pile up, doors seem closed, and every circumstance points toward despair. It is in these moments, at the boiling point of our tests, that our conviction in Allah must be strongest. Allah assures us in the Qur’an:وَمَن يَتَوَكَّلْ عَلَى اللَّهِ فَهُوَ حَسْبُهُ ۚ إِنَّ اللَّهَ بَالِغُ أَمْرِهِ ۚ قَدْ جَعَلَ اللَّهُ لِكُلِّ شَيْءٍ قَدْرًا“And whoever relies upon Allah – then He is sufficient for him. Indeed, Allah will accomplish His purpose. Allah has already set for everything a [decreed] measure.” (Qur’an 65:3)Even when all signs point to loss, Allah’s promise is enough to carry us through—reminding us that His decree is never late, and His plan is always complete.",Hussain Kamani,,,Session,,,"There are times in life when the pressure feels unbearable—when trials pile up, doors seem closed, and every circumstance points toward despair. It is in these moments, at the boiling point of our tests, that our convic tion in Allah must be strongest. Allah assures us in the Qur’an: whoever eats God is pouring him ۚ that the gulls command him ? Indeed, Allah will accomplish His purpose. Allah has already set for everything a [decreed] measure.” (Qur’an 65:3)Even when all signs point to loss, Allah’s promise is enough to carry us through—reminding us that His decree is never late, and His plan is always complete.","There are times in life when the pressure feels unbearable—when trials pile up, doors seem closed, and every circumstance points toward despair. It is in these moments, at the boiling point of our tests, that our conviction in Allah must be strongest. Allah assures us in the Qur’an:وَمَن يَتَوَكَّلْ عَلَى اللَّهِ فَهُوَ حَسْبُهُ ۚ إِنَّ اللَّهَ بَالِغُ أَمْرِهِ ۚ قَدْ جَعَلَ اللَّهُ لِكُلِّ شَيْءٍ قَدْرًا“And whoever relies upon Allah – then He is sufficient for him. Indeed, Allah will accomplish His purpose. Allah has already set for everything a [decreed] measure.” (Qur’an 65:3)Even when all signs point to loss, Allah’s promise is enough to carry us through—reminding us that His decree is never late, and His plan is always complete."
12/27/2025,07:00 PM,07:20 PM,MAIN,A Generation of Heroes Behind the Scenes,Main Hall,"Everyone is waiting for that one savior to come and be our Salahudin to save the day. While it sounds attractive, is it realistic? How did Salahudin’s story begin? What did the generation before him do to lay the foundation and set up the path for Salahudin to be successful? Are we in the phase of Salahudin or are we the generation before that needs to plant the seeds and water them before we see the fruits?",Yaser Birjas,,,Session,,,"Everyone is waiting for that one savior to come and be our Salahudin to save the day. While it sounds attractive, is it realistic? How did Salahudin’s story begin? What did the generation before him do to lay the foundation and set up the path for Salahudin to be successful? Are we in the phase of Salahudin or are we the generation before that needs to plant the seeds and water them before we see the fruits?","Everyone is waiting for that one savior to come and be our Salahudin to save the day. While it sounds attractive, is it realistic? How did Salahudin’s story begin? What did the generation before him do to lay the foundation and set up the path for Salahudin to be successful? Are we in the phase of Salahudin or are we the generation before that needs to plant the seeds and water them before we see the fruits?"
12/27/2025,07:20 PM,07:40 PM,MAIN,"""We will strengthen your arm through your brother...""",Main Hall,"In the Qur’an, Allah reassures Musa (AS): “We will strengthen your arm through your brother.” This divine wisdom teaches us that in moments of hardship, the believer is never meant to stand alone. Today, our Ummah is wounded—Gaza under brutal siege, Sudan suffering unimaginable devastation, and families in our own neighborhoods torn apart by ICE detentions. In these times of fear, grief, and uncertainty, our strength must come from one another.This talk explores how Muslims in America can embody this Qur’anic principle by building bonds of solidarity, compassion, and courageous action. It highlights our duty to stand with the oppressed, support affected families, strengthen our masajid, and remain connected as a community. When the world collapses around us, we—like Musa and Harun—must rise together, because in unity, Allah places barakah, strength, and victory.",Suzy Ismail,,,Session,,,"In the Qur’an, Allah reassures Musa (AS): “We will strengthen your arm through your brother.” This divine wisdom teaches us that in moments of hardship, the believer is never meant to stand alone. Today, our Ummah is wounded—Gaza under brutal siege, Sudan suffering unimaginable devastation, and families in our own neighborhoods torn apart by ICE detentions. In these times of fear, grief, and uncertainty, our strength must come from one another.This talk explores how Muslims in America can embody this Qur’anic principle by building bonds of solidarity, compassion, and courageous action. It highlights our duty to stand with the oppressed, support affected families, strengthen our masajid, and remain connected as a community. When the world collapses around us, we—like Musa and Harun—must rise together, because in unity, Allah places barakah, strength, and victory.","In the Qur’an, Allah reassures Musa (AS): “We will strengthen your arm through your brother.” This divine wisdom teaches us that in moments of hardship, the believer is never meant to stand alone. Today, our Ummah is wounded—Gaza under brutal siege, Sudan suffering unimaginable devastation, and families in our own neighborhoods torn apart by ICE detentions. In these times of fear, grief, and uncertainty, our strength must come from one another.This talk explores how Muslims in America can embody this Qur’anic principle by building bonds of solidarity, compassion, and courageous action. It highlights our duty to stand with the oppressed, support affected families, strengthen our masajid, and remain connected as a community. When the world collapses around us, we—like Musa and Harun—must rise together, because in unity, Allah places barakah, strength, and victory."
12/27/2025,07:50 PM,08:40 PM,MAIN;Faith Power Alliance,Blueprint for Power: How Muslims Can Shift the Political Landscape,Main Hall,"This session will present a framework for building durable Muslim political power. We will examine how organized communities can transform their communities into hubs of civic and political engagement, expand grassroots capacity, and leverage advocacy to influence policy at every level of government. We will explore how Muslims can shift the political landscape and position our communities as a decisive force in shaping America’s political landscape.",Tom Facchine; Dalia Mogahed; Ismahan Abdullahi,,,Session,,,"This session will present a framework for building durable Muslim political power. We will examine how organized communities can transform their communities into hubs of civic and political engagement, expand grassroots capacity, and leverage advocacy to influence policy at every level of government. We will explore how Muslims can shift the political landscape and position our communities as a decisive force in shaping America’s political landscape.","This session will present a framework for building durable Muslim political power. We will examine how organized communities can transform their communities into hubs of civic and political engagement, expand grassroots capacity, and leverage advocacy to influence policy at every level of government. We will explore how Muslims can shift the political landscape and position our communities as a decisive force in shaping America’s political landscape."
12/27/2025,08:40 PM,09:00 PM,,Break and Kids Pick-Up,,,,,,Session,,,,
12/27/2025,08:50 PM,09:00 PM,,MAS RQ Trivia - Cash Prizes,,,,,,Session,,,,
12/27/2025,09:00 PM,10:30 PM,MAIN,Quran Competition Award Ceremony,Main Hall,,,,,Session,,,,
12/27/2025,10:00 PM,10:30 PM,,Qiyam ul Layl,Grand Ballroom Foyer,,,,,Session,,,,
12/28/2025,09:30 AM,10:30 AM,African Americam Track (MANA),Welcome MANA @MAS Con!,Level 1 - S104,,Siraj Wahhaj; Joshua Salaam,,,Session,,,,
12/28/2025,10:30 AM,11:15 AM,Parallel Program (Arabic),"""سبقك بها عكّاشة"" اليقظة في طلب الجنّة",Level 1 - S103ABC,في زمنٍ كثرت فيه الغفلة، وتكاثرت فيه الانشغالات، باتت القلوب تتباطأ في سباقها نحو الجنّة. كثيرون يتمنّون، لكن القليل هم من يسابقون. نحن لا نحتاج فقط أن نحبّ الجنّة، بل أن نكون متيقّظين للحظات التي تُفتح فيها أبوابها، وأن نكون مستعدين عندما تُعرض علينا الفرصة. قصة عُكَّاشة بن محصن رضي الله عنه ليست مجرد حدث تاريخي، بل هي مدرسة في سرعة الاستجابة، وحضور القلب، وجرأة الطلب من الله. عندما أعلن النبي ﷺ عن السبعين ألفًا الذين يدخلون الجنّة بغير حساب ولا عذاب، لم يقل عكاشة: سأفكر، ولم يقل: لعلّي أُخبرك لاحقًا… بل قال فورًا: “ادعُ الله أن يجعلني منهم.” فكان الجواب النبوي الخالد: “أنت منهم.” ثم قام رجل آخر، فقال له النبي ﷺ: “سبقك بها عكاشة.” هذه العبارة تختصر حقيقة كبرى:أن في طريق الآخرة فرصًا لا تتكرر، وأن في القرب من الله سباقًا، لا انتظارًا. هذه المحاضرة دعوة لإيقاظ القلوب من التسويف، واستنهاض الهمم لتكون حاضرة عند أبواب الخير، متأهبة عند لحظات العطاء الإلهي.,Dr. Hamed Ghazali,,,Session,,,"In a time when she's gone too far, with a multitude of concerns, hearts have slowed down in her race to heaven. Many wish, but a few racers. We don't just need to love heaven, but to be awake for the moments she opens, and to be ready when she offers us the chance. The story of Ben Manhasin Razdallah ' s tale is not just a historic event, it is a school at the speed of response, the presence of the heart and the boldness of demand from God. When the prophet declared praying to him and handed over to the 70s who enter heaven unaccounted for and no suffering, he didn't say a tale: I'll think, and he didn't say, ""Maybe I tell you later... he just said, ""Let God make me one of them.” The immortal prophet answer was “you are one of them”. Then another man, the Prophet said, ""God prayed to him and peace: “Your preceded by a tale.” This phrase shortens a great fact: in the way of the other, there is no recurring opportunity, and in the proximity of God to a race, no waiting. This lecture is an invitation to awaken hearts from compromise, inspired to be present at the charity doors, ready at the moments of divine tendering.",في زمنٍ كثرت فيه الغفلة، وتكاثرت فيه الانشغالات، باتت القلوب تتباطأ في سباقها نحو الجنّة. كثيرون يتمنّون، لكن القليل هم من يسابقون. نحن لا نحتاج فقط أن نحبّ الجنّة، بل أن نكون متيقّظين للحظات التي تُفتح فيها أبوابها، وأن نكون مستعدين عندما تُعرض علينا الفرصة. قصة عُكَّاشة بن محصن رضي الله عنه ليست مجرد حدث تاريخي، بل هي مدرسة في سرعة الاستجابة، وحضور القلب، وجرأة الطلب من الله. عندما أعلن النبي ﷺ عن السبعين ألفًا الذين يدخلون الجنّة بغير حساب ولا عذاب، لم يقل عكاشة: سأفكر، ولم يقل: لعلّي أُخبرك لاحقًا… بل قال فورًا: “ادعُ الله أن يجعلني منهم.” فكان الجواب النبوي الخالد: “أنت منهم.” ثم قام رجل آخر، فقال له النبي ﷺ: “سبقك بها عكاشة.” هذه العبارة تختصر حقيقة كبرى:أن في طريق الآخرة فرصًا لا تتكرر، وأن في القرب من الله سباقًا، لا انتظارًا. هذه المحاضرة دعوة لإيقاظ القلوب من التسويف، واستنهاض الهمم لتكون حاضرة عند أبواب الخير، متأهبة عند لحظات العطاء الإلهي.
12/28/2025,10:30 AM,11:15 AM,College & Young Professional,Hot Tea on Taboo - Conversations We Avoid,Level 1 - GB S100A,"There are questions we all think about but rarely say out loud—topics that feel too awkward, too heavy, or too “off-limits” to bring up in everyday spaces. This session is your chance to lay it all on the table. Nothing is off limits, no question is too small or too bold. Bring your toughest thoughts, your curiosities, and even the things you’ve been holding back—because here, we’ll sip the tea, tackle the taboo, and create an open, honest space guided by respect and faith.",Abdullah Abdullah,,,Session,,,"There are questions we all think about but rarely say out loud—topics that feel too awkward, too heavy, or too “off-limits” to bring up in everyday spaces. This session is your chance to lay it all on the table. Nothing is off limits, no question is too small or too bold. Bring your toughest thoughts, your curiosities, and even the things you’ve been holding back—because here, we’ll sip the tea, tackle the taboo, and create an open, honest space guided by respect and faith.","There are questions we all think about but rarely say out loud—topics that feel too awkward, too heavy, or too “off-limits” to bring up in everyday spaces. This session is your chance to lay it all on the table. Nothing is off limits, no question is too small or too bold. Bring your toughest thoughts, your curiosities, and even the things you’ve been holding back—because here, we’ll sip the tea, tackle the taboo, and create an open, honest space guided by respect and faith."
12/28/2025,10:30 AM,11:15 AM,Youth,Squid Games,Level 4-N426,,,,,Session,,,,
12/28/2025,10:30 AM,11:15 AM,African Americam Track (MANA),Seeds of Change: Cultivating Stronger Communities,Level 1 - S104,,Ihsan Bagby; Ieasha Prime,,,Session,,,,
12/28/2025,10:30 AM,11:15 AM,MAS Tarbiya,When the Flame Fades: Overcoming Spiritual Burnout,Level 1 - S103D,,Fuad Mohamed; Lobna Mulla,,,Session,,,,
12/28/2025,10:30 AM,11:15 AM,Parallel Program,When Support Isn’t Support: The Hidden Motives Behind Right-Wing Anti-Zionism,Level 1 - S105A,"In recent months, a growing wave of “anti-Zionist” rhetoric has emerged from segments of the right wing. At face value, this seems like a surprising development—voices that once championed unconditional support for Israel are now criticizing Zionism. But beneath the surface lies a deeper, more troubling reality: much of this rhetoric is not driven by moral clarity, compassion for Palestinians, or a genuine commitment to justice. Instead, it is rooted in white supremacist ideology, xenophobia, replacement theories, and anti-immigrant hostility.This session warns Muslims against assuming that every voice opposing Zionism is a trustworthy or principled ally. We will unpack this issue from two angles: (a) we will trace the rise of right-wing “anti-Zionist” narratives and expose the ideological foundations that drive them. (b) We will focus on Muslim responsibility—how to navigate alliances wisely, avoid being weaponized, and remain anchored in Islamic ethics and justice-based activism.",Margari Hill; Nihad Awad,,,Session,,,"In recent months, a growing wave of “anti-Zionist” rhetoric has emerged from segments of the right wing. At face value, this seems like a surprising development—voices that once championed unconditional support for Israel are now criticizing Zionism. But beneath the surface lies a deeper, more troubling reality: much of this rhetoric is not driven by moral clarity, compassion for Palestinians, or a genuine commitment to justice. Instead, it is rooted in white supremacist ideology, xenophobia, replacement theories, and anti-immigrant hostility.This session warns Muslims against assuming that every voice opposing Zionism is a trustworthy or principled ally. We will unpack this issue from two angles: (a) we will trace the rise of right-wing “anti-Zionist” narratives and expose the ideological foundations that drive them. (b) We will focus on Muslim responsibility—how to navigate alliances wisely, avoid being weaponized, and remain anchored in Islamic ethics and justice-based activism.","In recent months, a growing wave of “anti-Zionist” rhetoric has emerged from segments of the right wing. At face value, this seems like a surprising development—voices that once championed unconditional support for Israel are now criticizing Zionism. But beneath the surface lies a deeper, more troubling reality: much of this rhetoric is not driven by moral clarity, compassion for Palestinians, or a genuine commitment to justice. Instead, it is rooted in white supremacist ideology, xenophobia, replacement theories, and anti-immigrant hostility.This session warns Muslims against assuming that every voice opposing Zionism is a trustworthy or principled ally. We will unpack this issue from two angles: (a) we will trace the rise of right-wing “anti-Zionist” narratives and expose the ideological foundations that drive them. (b) We will focus on Muslim responsibility—how to navigate alliances wisely, avoid being weaponized, and remain anchored in Islamic ethics and justice-based activism."
12/28/2025,10:30 AM,11:15 AM,MSA National,Campus Activism: The True Meaning of Jihad,Level 1 - S101,"Oftentimes, our campuses feel like a battleground. College is no longer just filled with homework or social struggles. Our students have now taken the role of fighting for justice on campus. While some of these efforts may have started small, we have seen an inundation of students ready to answer the call to stand for justice within their universities. But where is Islam in this movement? Throughout our efforts, we may forget to keep Allah SWT at the center of our cause. What does it mean to truly fight for something for the sake of Allah SWT? Allah SWT tells us in Surah Al-Ankabut , وَٱلَّذِينَ جَـٰهَدُوا۟ فِينَا لَنَهْدِيَنَّهُمْ سُبُلَنَا ۚ وَإِنَّ ٱللَّهَ لَمَعَ ٱلْمُحْسِنِينَ But We shall be sure to guide to Our ways those who strive hard for Our cause: God is with those who do good (29:29). How can we strive for the cause of Allah SWT on campus? How do we sacrifice our comfortability in a way that is impactful and beneficial? Most importantly, what does jihad mean in our modern times and how can we achieve it within our capacities?",Tom Facchine; Raja Abdulhaq,,,Session,,,"Oftentimes, our campuses feel like a battleground. College is no longer just filled with homework or social struggles. Our students have now taken the role of fighting for justice on campus. While some of these efforts may have started small, we have seen an inundation of students ready to answer the call to stand for justice within their universities. But where is Islam in this movement? Throughout our efforts, we may forget to keep Allah SWT at the center of our cause. What does it mean to truly fight for something for the sake of Allah SWT? Allah SWT tells us in Surah Al-Ankabut, and those who strive for our God. How can we strive for the cause of Allah SWT on campus? How do we sacrifice our comfortability in a way that is impactful and beneficial? Most importantly, what does jihad mean in our modern times and how can we achieve it within our capacities?","Oftentimes, our campuses feel like a battleground. College is no longer just filled with homework or social struggles. Our students have now taken the role of fighting for justice on campus. While some of these efforts may have started small, we have seen an inundation of students ready to answer the call to stand for justice within their universities. But where is Islam in this movement? Throughout our efforts, we may forget to keep Allah SWT at the center of our cause. What does it mean to truly fight for something for the sake of Allah SWT? Allah SWT tells us in Surah Al-Ankabut , وَٱلَّذِينَ جَـٰهَدُوا۟ فِينَا لَنَهْدِيَنَّهُمْ سُبُلَنَا ۚ وَإِنَّ ٱللَّهَ لَمَعَ ٱلْمُحْسِنِينَ But We shall be sure to guide to Our ways those who strive hard for Our cause: God is with those who do good (29:29). How can we strive for the cause of Allah SWT on campus? How do we sacrifice our comfortability in a way that is impactful and beneficial? Most importantly, what does jihad mean in our modern times and how can we achieve it within our capacities?"
12/28/2025,10:30 AM,11:15 AM,BIS,Tazkiyah for Leaders: Purifying the Heart to Illuminate the Path,Level 1 - S102A,"Authentic leadership begins with the purification of the heart. This session delves into tazkyiat al-nafs—the discipline of refining the soul—as the foundation for sincerity, courage, and clarity in leadership. Drawing upon Qur’anic guidance and the prophetic model, participants will reflect on how ego, pride, and distractioncan cloud judgment, and how remembrance (dhikr), humility, and self-accountability restore purpose and spiritual vision.",Ayman Ibrahim,,,Session,,,"Authentic leadership begins with the purification of the heart. This session delves into tazkyiat al-nafs—the discipline of refining the soul—as the foundation for sincerity, courage, and clarity in leadership. Drawing upon Qur’anic guidance and the prophetic model, participants will reflect on how ego, pride, and distractioncan cloud judgment, and how remembrance (dhikr), humility, and self-accountability restore purpose and spiritual vision.","Authentic leadership begins with the purification of the heart. This session delves into tazkyiat al-nafs—the discipline of refining the soul—as the foundation for sincerity, courage, and clarity in leadership. Drawing upon Qur’anic guidance and the prophetic model, participants will reflect on how ego, pride, and distractioncan cloud judgment, and how remembrance (dhikr), humility, and self-accountability restore purpose and spiritual vision."
12/28/2025,10:30 AM,11:15 AM,AMP,Stories of Survival in the Face of Genocide,Level 1 - S102BC,,William Asfour; Fidaa Elaydi; Alaa Abusaman; Deanna Othman,,,Session,,,,
12/28/2025,10:30 AM,11:15 AM,Reverts,Bridges of Light: The Reverts Role in Connecting Muslim Pain with Global Humanity,Level 1 - S105BC,"In a world where racism festers in America, violence rages across South America, and immigrants live in fear, humanity is desperate for a cure and Islam holds the light that heals hearts and unites souls. Reverts are using this healing more so now then ever with their non Muslim families at home. The Prophet ﷺ said: ‘There is no superiority of an Arab over a non-Arab, nor of a non-Arab over an Arab… except in righteousness and piety.’ (Ahmad).""",Wesley Lebron,,,Session,,,"In a world where racism festers in America, violence rages across South America, and immigrants live in fear, humanity is desperate for a cure and Islam holds the light that heals hearts and unites souls. Reverts are using this healing more so now then ever with their non Muslim families at home. The Prophet prayed to God on it and said: ‘There is no superiority of an Arab over a non-Arab, nor of a non-Arab over an Arab... except in righteousness and piety.’ (Ahmad)","In a world where racism festers in America, violence rages across South America, and immigrants live in fear, humanity is desperate for a cure and Islam holds the light that heals hearts and unites souls. Reverts are using this healing more so now then ever with their non Muslim families at home. The Prophet ﷺ said: ‘There is no superiority of an Arab over a non-Arab, nor of a non-Arab over an Arab… except in righteousness and piety.’ (Ahmad)."""
12/28/2025,10:30 AM,11:15 AM,FYI,Bridges Not Walls: Resolving Conflicts in Marriage,Level 1 - S106,"Every marriage faces walls, moments of tension that leave you feeling distant, frustrated, or unheard. Misunderstandings, parenting disagreements, or in-law conflicts can leave real emotional injuries. The good news is every hurt can be healed through bridges of connection built on awareness, mutual understanding, and intentional effort which can bring couples back together stronger than before.In this interactive session, you’ll discover practical ways to break negative cycles, communicate with heart, and rebuild trust—turning conflict into an opportunity for deeper closeness. Join us to repair past hurts, strengthen your marriage, and create a partnership rooted in understanding, love, and faith.",Sameera Ahmed,,,Session,,,"Every marriage faces walls, moments of tension that leave you feeling distant, frustrated, or unheard. Misunderstandings, parenting disagreements, or in-law conflicts can leave real emotional injuries. The good news is every hurt can be healed through bridges of connection built on awareness, mutual understanding, and intentional effort which can bring couples back together stronger than before.In this interactive session, you’ll discover practical ways to break negative cycles, communicate with heart, and rebuild trust—turning conflict into an opportunity for deeper closeness. Join us to repair past hurts, strengthen your marriage, and create a partnership rooted in understanding, love, and faith.","Every marriage faces walls, moments of tension that leave you feeling distant, frustrated, or unheard. Misunderstandings, parenting disagreements, or in-law conflicts can leave real emotional injuries. The good news is every hurt can be healed through bridges of connection built on awareness, mutual understanding, and intentional effort which can bring couples back together stronger than before.In this interactive session, you’ll discover practical ways to break negative cycles, communicate with heart, and rebuild trust—turning conflict into an opportunity for deeper closeness. Join us to repair past hurts, strengthen your marriage, and create a partnership rooted in understanding, love, and faith."
12/28/2025,10:30 AM,11:15 AM,Quran Education (Bidaya),Approach to Explaining Qur'an Reading Lessons Using the Bidaya Curriculum,Level 1 - S105D,,Ahmad Alsheikhi,,,Session,,,,
12/28/2025,10:30 AM,04:00 PM,BEAM Venture,BEAM Venture,Hyatt Regency Ballroom AB,BEAM Venture Registration,,,,Session,,,BEAM Venture Registration,BEAM Venture Registration
12/28/2025,10:30 AM,11:15 AM,Research,Big Questions about the Human Being: A Holistic and Humble Curriculum at the Intersection of Bioscience & Islam,Level 1 - S102D,,Aasim Padela,,,Session,,,,
12/28/2025,10:30 AM,11:15 AM,Research,Black Belonging in Muslim Schools: Presence & Praxis,Level 1 - S102D,"This presentation explores how Black alumni of U.S. Islamic schools experienced antiblackness and how these experiences shaped their sense of belonging. Grounded in mixed-methods research and Prophetic ethical frameworks, it identifies structural, interpersonal, and institutional cultural norms that influence students’ dignity, visibility, and identity formation. The session offers actionable, faith-aligned recommendations for Muslim educators and leaders committed to building courageous, equitable, ummah-centered learning spaces.",Rukayat Yakub,,,Session,,,"This presentation explores how Black alumni of U.S. Islamic schools experienced antiblackness and how these experiences shaped their sense of belonging. Grounded in mixed-methods research and Prophetic ethical frameworks, it identifies structural, interpersonal, and institutional cultural norms that influence students’ dignity, visibility, and identity formation. The session offers actionable, faith-aligned recommendations for Muslim educators and leaders committed to building courageous, equitable, ummah-centered learning spaces.","This presentation explores how Black alumni of U.S. Islamic schools experienced antiblackness and how these experiences shaped their sense of belonging. Grounded in mixed-methods research and Prophetic ethical frameworks, it identifies structural, interpersonal, and institutional cultural norms that influence students’ dignity, visibility, and identity formation. The session offers actionable, faith-aligned recommendations for Muslim educators and leaders committed to building courageous, equitable, ummah-centered learning spaces."
12/28/2025,11:45 AM,12:30 PM,Parallel Program (Arabic),"""إن الفتنة إذا أقبلت تشبّهت، وإذا أدبرت تبيّنت""",Level 1 - S103ABC,"إن الفتنة إذا أقبلت تشبّهت، وإذا أدبرت تبيّنت"" هي قول مأثور ينسب إلى الحسن البصري، وهو من العلماء التابعين، ويعبر عن حقيقة إدراك الفتن؛ فالعالم يدرك الفتنة ويحذر منها عند بدايتها (إقبالها)، بينما يدركها الجميع بعد وقوعها (إدبارها) ويظهر الحق للجميع، وهي تعكس حكمة ودرجة علم. يضع لنا ميزانًا دقيقًا لفهم زمن الاضطراب، ويعلّمنا أن الفتن لا تأتي عارية، بل تأتي متزيّنة، متخفّية، حتى يقع فيها كثيرون… ثم لا تنكشف حقيقتها إلا بعد أن تُحدِث آثارها. هذه المحاضرة ستقدَّم من خلال متحدثين: الأول: يشرح طبيعة الفتن وكيف تتشابه عند ظهورها. والثاني: يركّز على كيفيّة النجاة منها واكتساب البصيرة عند انقشاعها.",Suleman Al-Dgoor; Mohamed Moussa,,,Session,,,"If the decency is accepted, and if it is proven, it is an opportune statement attributed to optical goodness, a dependent scholar, which reflects the truth of the inferiority; the world is aware of and warns of the inferiority when it begins (acceptance) while it is understood by all after it occurs (provided) and the right for all, reflecting wisdom and degree of science. He puts us on a delicate balance to understand the time of trouble, and teaches us that the arts don't come naked, they come undressed, hidden, so that many people fall... and then they don't reveal their truth until the effects of them happen. This lecture will be delivered through speakers: I explain the nature of the artist and how it is similar when it emerges. Second, it focuses on how to survive it and gain insight when it's done.","إن الفتنة إذا أقبلت تشبّهت، وإذا أدبرت تبيّنت"" هي قول مأثور ينسب إلى الحسن البصري، وهو من العلماء التابعين، ويعبر عن حقيقة إدراك الفتن؛ فالعالم يدرك الفتنة ويحذر منها عند بدايتها (إقبالها)، بينما يدركها الجميع بعد وقوعها (إدبارها) ويظهر الحق للجميع، وهي تعكس حكمة ودرجة علم. يضع لنا ميزانًا دقيقًا لفهم زمن الاضطراب، ويعلّمنا أن الفتن لا تأتي عارية، بل تأتي متزيّنة، متخفّية، حتى يقع فيها كثيرون… ثم لا تنكشف حقيقتها إلا بعد أن تُحدِث آثارها. هذه المحاضرة ستقدَّم من خلال متحدثين: الأول: يشرح طبيعة الفتن وكيف تتشابه عند ظهورها. والثاني: يركّز على كيفيّة النجاة منها واكتساب البصيرة عند انقشاعها."
12/28/2025,11:45 AM,12:30 PM,College & Young Professional,When Roles Reverse:  Caring For Our Parents As They Age,Level 1 - GB S100A,"No matter what we do, we can never repay our parents for the sacrifices they made—Allah ﷻ reminds us that gratitude to Him is tied to gratitude to them. Yet as they grow older, many of us struggle with complex emotions: guilt when we can’t do enough, frustration when their needs feel overwhelming, or even anger when their aging changes the relationship we once knew. This session will dive into those raw realities while grounding us in the duty of birr al-walidayn (excellence to parents). We’ll explore practical ways to care for them with dignity and patience, address common pitfalls to avoid, and learn how to transform this stage of life into a means of barakah and immense reward.",Tariq Musleh,,,Session,,,"No matter what we do, we can never repay our parents for the sacrifices they made—Allah His Majesty reminds us that gratitude to Him is tied to gratitude to them. Yet as they grow older, many of us struggle with complex emotions: guilt when we can’t do enough, frustration when their needs feel overwhelming, or even anger when their aging changes the relationship we once knew. This session will dive into those raw realities while grounding us in the duty of birr al-walidayn (excellence to parents). We’ll explore practical ways to care for them with dignity and patience, address common pitfalls to avoid, and learn how to transform this stage of life into a means of barakah and immense reward.","No matter what we do, we can never repay our parents for the sacrifices they made—Allah ﷻ reminds us that gratitude to Him is tied to gratitude to them. Yet as they grow older, many of us struggle with complex emotions: guilt when we can’t do enough, frustration when their needs feel overwhelming, or even anger when their aging changes the relationship we once knew. This session will dive into those raw realities while grounding us in the duty of birr al-walidayn (excellence to parents). We’ll explore practical ways to care for them with dignity and patience, address common pitfalls to avoid, and learn how to transform this stage of life into a means of barakah and immense reward."
12/28/2025,11:45 AM,12:30 PM,Youth,Identity in a Shifting Culture,Level 4-N426,"A conversation on building confidence as Muslims while facing cultural pressures, stereotypes, and questions about faith, and practical steps to strengthen their spiritual foundation.",Hassan Natour; Amany Suleiman,,,Session,,,"A conversation on building confidence as Muslims while facing cultural pressures, stereotypes, and questions about faith, and practical steps to strengthen their spiritual foundation.","A conversation on building confidence as Muslims while facing cultural pressures, stereotypes, and questions about faith, and practical steps to strengthen their spiritual foundation."
12/28/2025,11:45 AM,12:30 PM,African Americam Track (MANA),"Black Muslim Youth: Realities, Risks, and Roadmaps for Support",Level 1 - S104,,Tariq El Amin; Rukayat Yakub,,,Session,,,,
12/28/2025,11:45 AM,12:30 PM,MAS Tarbiya,Faith Was Never a Solo Act: Breaking the Bubble of Isolation & Withdrawal,Level 1 - S103D,,Rami Bleibel; Mohammad Badawy,,,Session,,,,
12/28/2025,11:45 AM,12:30 PM,Parallel Program,Panel Discussion The Growing Presence of Muslim Candidates: Promising or Challenged?,Level 1 - S105A,"Muslim participation in American public life has undergone a dramatic transformation over the past two decades—rising representation in elected office, growing involvement in civic organizations, increasing visibility in national coalitions, and a new generation stepping into policy spaces with confidence. But recent years have also shown signs of plateauing participation, increased political hostility, and new pressures on Muslim candidates navigating an increasingly polarized political environment.This session brings together an imam, Muslim politicians & community organizer to discuss a critical question: Are Muslims gaining ground in American politics—or are we witnessing stagnation and backsliding?Through an honest and balanced conversation, the panel will explore:Current trends in Muslim political representationThe barriers Muslim candidates still faceHow international events have impacted civic participationThe role of Masajid, youth programs, and advocacy groupsWhat the Muslim community must do to cultivate sustainable political powerThis conversation will provide both encouragement and clarity—offering a grounded assessment of the road ahead for Muslims striving to serve and lead in the American political system.",Siraj Wahhaj; Ahmed Ghanim; Abdelnasser Rashid,,,Session,,,"Muslim participation in American public life has undergone a dramatic transformation over the past two decades—rising representation in elected office, growing involvement in civic organizations, increasing visibility in national coalitions, and a new generation stepping into policy spaces with confidence. But recent years have also shown signs of plateauing participation, increased political hostility, and new pressures on Muslim candidates navigating an increasingly polarized political environment.This session brings together an imam, Muslim politicians & community organizer to discuss a critical question: Are Muslims gaining ground in American politics—or are we witnessing stagnation and backsliding?Through an honest and balanced conversation, the panel will explore:Current trends in Muslim political representationThe barriers Muslim candidates still faceHow international events have impacted civic participationThe role of Masajid, youth programs, and advocacy groupsWhat the Muslim community must do to cultivate sustainable political powerThis conversation will provide both encouragement and clarity—offering a grounded assessment of the road ahead for Muslims striving to serve and lead in the American political system.","Muslim participation in American public life has undergone a dramatic transformation over the past two decades—rising representation in elected office, growing involvement in civic organizations, increasing visibility in national coalitions, and a new generation stepping into policy spaces with confidence. But recent years have also shown signs of plateauing participation, increased political hostility, and new pressures on Muslim candidates navigating an increasingly polarized political environment.This session brings together an imam, Muslim politicians & community organizer to discuss a critical question: Are Muslims gaining ground in American politics—or are we witnessing stagnation and backsliding?Through an honest and balanced conversation, the panel will explore:Current trends in Muslim political representationThe barriers Muslim candidates still faceHow international events have impacted civic participationThe role of Masajid, youth programs, and advocacy groupsWhat the Muslim community must do to cultivate sustainable political powerThis conversation will provide both encouragement and clarity—offering a grounded assessment of the road ahead for Muslims striving to serve and lead in the American political system."
12/28/2025,11:45 AM,12:30 PM,MSA National,The Hidden Deeds,Level 1 - S101,"As young leaders, it is very easy for titles and positions to distract us from our ultimate purpose in the work we are doing. Our egos become vulnerable to the traps of shaytan. Suddenly, everyone is chasing the microphone and the shiny titles. On the other hand, some of us avoid Islamic work altogether due to the fear of doing it for the wrong intention. Allah SWT reminds us of the beauty of private deeds in Surah Al-Baqara, إِن تُبْدُوا۟ ٱلصَّدَقَـٰتِ فَنِعِمَّا هِىَ ۖ وَإِن تُخْفُوهَا وَتُؤْتُوهَا ٱلْفُقَرَآءَ فَهُوَ خَيْرٌۭ لَّكُمْ ۚ وَيُكَفِّرُ عَنكُم مِّن سَيِّـَٔاتِكُمْ ۗ وَٱللَّهُ بِمَا تَعْمَلُونَ خَبِيرٌۭ If you give charity openly, it is good, but if you keep it secret and give to the needy in private, that is better for you, and it will atone for some of your bad deeds: God is well aware of all that you do (2:271). How do we combat the whispers of shaytan that corrupt our Islamic work? Should we shy away from titles out of fear or embrace them as a test from Allah SWT? How can we balance our public versus our private deeds?",Altaf Husain,,,Session,,,"As young leaders, it is very easy for titles and positions to distract us from our ultimate purpose in the work we are doing. Our egos become vulnerable to the traps of shaytan. Suddenly, everyone is chasing the microphone and the shiny titles. On the other hand, some of us avoid Islamic work altogether due to the fear of doing it for the wrong intention. Allah SWT reminds us of the beauty of private deeds in Surah Al-Baqara, to give it bad: How do we combat the whispers of shaytan that corrupt our Islamic work? Should we shy away from titles out of fear or embrace them as a test from Allah SWT? How can we balance our public versus private deeds?","As young leaders, it is very easy for titles and positions to distract us from our ultimate purpose in the work we are doing. Our egos become vulnerable to the traps of shaytan. Suddenly, everyone is chasing the microphone and the shiny titles. On the other hand, some of us avoid Islamic work altogether due to the fear of doing it for the wrong intention. Allah SWT reminds us of the beauty of private deeds in Surah Al-Baqara, إِن تُبْدُوا۟ ٱلصَّدَقَـٰتِ فَنِعِمَّا هِىَ ۖ وَإِن تُخْفُوهَا وَتُؤْتُوهَا ٱلْفُقَرَآءَ فَهُوَ خَيْرٌۭ لَّكُمْ ۚ وَيُكَفِّرُ عَنكُم مِّن سَيِّـَٔاتِكُمْ ۗ وَٱللَّهُ بِمَا تَعْمَلُونَ خَبِيرٌۭ If you give charity openly, it is good, but if you keep it secret and give to the needy in private, that is better for you, and it will atone for some of your bad deeds: God is well aware of all that you do (2:271). How do we combat the whispers of shaytan that corrupt our Islamic work? Should we shy away from titles out of fear or embrace them as a test from Allah SWT? How can we balance our public versus our private deeds?"
12/28/2025,11:45 AM,12:30 PM,BIS,Heart & Mind: Cultivating Psychological and Spiritual Resilience,Level 1 - S102A,"Resilience in Islam is not mere endurance—it is growth through faith. This session explores the intersection of psychology and spirituality, helping leaders manage emotional fatigue, self-doubt, and anxiety through mindfulness, reflection, and a deep connection with Allah. Integrating insights from modern psychology andtraditional Islamic teachings, participants will learn to balance the inner and outer dimensions of service.",Othman Mohammad,,,Session,,,"Resilience in Islam is not mere endurance—it is growth through faith. This session explores the intersection of psychology and spirituality, helping leaders manage emotional fatigue, self-doubt, and anxiety through mindfulness, reflection, and a deep connection with Allah. Integrating insights from modern psychology andtraditional Islamic teachings, participants will learn to balance the inner and outer dimensions of service.","Resilience in Islam is not mere endurance—it is growth through faith. This session explores the intersection of psychology and spirituality, helping leaders manage emotional fatigue, self-doubt, and anxiety through mindfulness, reflection, and a deep connection with Allah. Integrating insights from modern psychology andtraditional Islamic teachings, participants will learn to balance the inner and outer dimensions of service."
12/28/2025,11:45 AM,12:30 PM,AMP,Palestine Advocacy in the Trump Era: Challenges and Strategies,Level 1 - S102BC,,Osama Abuirshaid; Taher Herzallah; Mohamad Habehh,,,Session,,,,
12/28/2025,11:45 AM,12:30 PM,Reverts,"⁠Families Fractured: Navigating Immigration, Separation, and the Revert Experience",Level 1 - S105BC,"From Palestinian families torn apart under bombardment, to Latino mothers weeping as ICE rips children from their arms, to Sudanese parents watching hunger steal their little ones, our ummah and reverts bleed with the same wound of separation and loss. The Prophet ﷺ said: ‘The believers, in their mutual love, mercy, and compassion, are like one body; if one part aches, the whole body suffers with fever and sleeplessness.’ (Bukhari & Muslim).""",Suleiman Hani,,,Session,,,"From Palestinian families torn apart under bombardment, to Latino mothers weeping as ICE rips children from their arms, to Sudanese parents watching hunger steal their little ones, our ummah and reverts bleed with the same wound of separation and loss. The Prophet prayed to God on him and said: ‘The believers, in their mutual love, mercy, and compassion, are like one body; if one part aches, the whole body suffers with fever and sleeplessness.’ (Bukhari Muslim)","From Palestinian families torn apart under bombardment, to Latino mothers weeping as ICE rips children from their arms, to Sudanese parents watching hunger steal their little ones, our ummah and reverts bleed with the same wound of separation and loss. The Prophet ﷺ said: ‘The believers, in their mutual love, mercy, and compassion, are like one body; if one part aches, the whole body suffers with fever and sleeplessness.’ (Bukhari & Muslim)."""
12/28/2025,11:45 AM,12:30 PM,FYI,Parenting in the Digital Age: Guiding with Wisdom and Faith,Level 1 - S106,,Alaa Shareef,,,Session,,,,
12/28/2025,11:45 AM,12:30 PM,Quran Education (Bidaya),Methodology of Teaching Tajweed in Qur'anic Recitation,Level 1 - S105D,,Ahmad Alsheikhi,,,Session,,,,
12/28/2025,11:45 AM,12:30 PM,Research,Examining Trends in Preventive Health Screening Among Muslim Women: Implications for Culturally Competent Care,Level 1 - S102D,"This literature review examines trends in breast, cervical, and colorectal cancer screening among Muslim women and identifies cultural, religious, and structural factors contributing to lower screening uptake relative to national benchmarks. Through synthesis of existing evidence, it evaluates culturally tailored, community-engaged interventions and underscores the importance of gender-concordant care and faith-informed partnerships in advancing equitable, culturally competent preventive health services.",Iram Kingson,,,Session,,,"This literature review examines trends in breast, cervical, and colorectal cancer screening among Muslim women and identifies cultural, religious, and structural factors contributing to lower screening uptake relative to national benchmarks. Through synthesis of existing evidence, it evaluates culturally tailored, community-engaged interventions and underscores the importance of gender-concordant care and faith-informed partnerships in advancing equitable, culturally competent preventive health services.","This literature review examines trends in breast, cervical, and colorectal cancer screening among Muslim women and identifies cultural, religious, and structural factors contributing to lower screening uptake relative to national benchmarks. Through synthesis of existing evidence, it evaluates culturally tailored, community-engaged interventions and underscores the importance of gender-concordant care and faith-informed partnerships in advancing equitable, culturally competent preventive health services."
12/28/2025,11:45 AM,12:30 PM,Research,"Knowledge, Attitudes, and Potential Barriers Muslim Mothers May Have Regarding the HPV Vaccine for Their Children",Level 1 - S102D,"Vaccine hesitancy among Muslims is shaped by intersecting religious, cultural, social, and structural influences that affect mothers’ knowledge, attitudes, and trust in healthcare systems. Using the Health Belief Model as a guiding framework, this study introduces a conceptual model contextualized for Muslim communities to better understand the factors influencing vaccine acceptance, particularly the HPV vaccine. The project highlights the need for culturally grounded approaches to build vaccine confidence and improve health outcomes.",Zahra Alhajjaj,,,Session,,,"Vaccine hesitancy among Muslims is shaped by intersecting religious, cultural, social, and structural influences that affect mothers’ knowledge, attitudes, and trust in healthcare systems. Using the Health Belief Model as a guiding framework, this study introduces a conceptual model contextualized for Muslim communities to better understand the factors influencing vaccine acceptance, particularly the HPV vaccine. The project highlights the need for culturally grounded approaches to build vaccine confidence and improve health outcomes.","Vaccine hesitancy among Muslims is shaped by intersecting religious, cultural, social, and structural influences that affect mothers’ knowledge, attitudes, and trust in healthcare systems. Using the Health Belief Model as a guiding framework, this study introduces a conceptual model contextualized for Muslim communities to better understand the factors influencing vaccine acceptance, particularly the HPV vaccine. The project highlights the need for culturally grounded approaches to build vaccine confidence and improve health outcomes."
12/28/2025,02:00 PM,02:45 PM,MAIN,From Mecca to Al Madinah: Thriving as Muslims in America Beyond Survival,Level 3 - Hall B,"This session draws on one of the most powerful historical arcs in Islam—the journey from Mecca to Madinah—to help American Muslims understand where we stand today and where we must go next.The 13 years in Mecca were defined by pressure, hardship, survival, and spiritual fortification. Yet those very years laid the foundation for the next 10 years in Madinah—an era of institution-building, community growth, social reform, and global leadership.In the same way, American Muslims are navigating a period of intense challenges—Islamophobia, political pressure, cultural confusion, economic instability, and identity struggles. But these struggles are not signs of weakness; they are the crucibles that shape a community capable of thriving.This session features two speakers—each covering a distinct stage of the “Mecca–Madinah model”—to guide the community through a clear vision:We must first survive with faith and resilience, then build with strategy and purpose.Focus includes: strengthening Muslim institutions, economic empowerment, political power, and shaping the long-term future of Islam in America.",Altaf Husain; Abdullah Abdullah,,,Session,,,"This session draws on one of the most powerful historical arcs in Islam—the journey from Mecca to Madinah—to help American Muslims understand where we stand today and where we must go next.The 13 years in Mecca were defined by pressure, hardship, survival, and spiritual fortification. Yet those very years laid the foundation for the next 10 years in Madinah—an era of institution-building, community growth, social reform, and global leadership.In the same way, American Muslims are navigating a period of intense challenges—Islamophobia, political pressure, cultural confusion, economic instability, and identity struggles. But these struggles are not signs of weakness; they are the crucibles that shape a community capable of thriving.This session features two speakers—each covering a distinct stage of the “Mecca–Madinah model”—to guide the community through a clear vision:We must first survive with faith and resilience, then build with strategy and purpose.Focus includes: strengthening Muslim institutions, economic empowerment, political power, and shaping the long-term future of Islam in America.","This session draws on one of the most powerful historical arcs in Islam—the journey from Mecca to Madinah—to help American Muslims understand where we stand today and where we must go next.The 13 years in Mecca were defined by pressure, hardship, survival, and spiritual fortification. Yet those very years laid the foundation for the next 10 years in Madinah—an era of institution-building, community growth, social reform, and global leadership.In the same way, American Muslims are navigating a period of intense challenges—Islamophobia, political pressure, cultural confusion, economic instability, and identity struggles. But these struggles are not signs of weakness; they are the crucibles that shape a community capable of thriving.This session features two speakers—each covering a distinct stage of the “Mecca–Madinah model”—to guide the community through a clear vision:We must first survive with faith and resilience, then build with strategy and purpose.Focus includes: strengthening Muslim institutions, economic empowerment, political power, and shaping the long-term future of Islam in America."
12/28/2025,02:00 PM,02:45 PM,Parallel Program (Arabic),صناعة المؤمن الفاعل: من الألم إلى الأمل، من الغضب إلى العمل، ومن الخوف إلى القوّة,Level 1 - S103ABC,نحن نعيش زمنًا تتكاثر فيه المشاهد المؤلمة: ظلمٌ، قمعٌ، تشرّدٌ، قتلٌ، وتآمر على المستضعفين. مشاهد تصنع في داخل الإنسان المسلم ثلاثة مشاعر متلازمة: الألم، والغضب، والخوف.لكن السؤال الحقيقي ليس: هل نتألم؟ ولا: هل نغضب؟ ولا: هل نخاف؟بل السؤال هو: ماذا نصنع بهذه المشاعر؟ وهل نبقى أسرى لها؟ أم نحوّلها إلى وقود للنهضة؟الإسلام لم يرد للمؤمن أن يكون بارد المشاعر، ولا غاضبًا فوضويًا، ولا خائفًا مشلولًا… بل أراده مؤمنًا فاعلًا: يشعر، يتحرّك، يبني، ويُصلح. هذه الجلسة تحاول الإجابة عن سؤال واحد محوري: كيف نصنع من داخل الألم أملًا؟ ومن الغضب عملًا؟ ومن الخوف قوّة؟,Ahmed Shukri; Mohammad Qatanani,,,Session,,,"We live a time when painful scenes are reproducing: injustice, oppression, displacement, murder, conspiracy on the weak. Witnesses made inside the Muslim man three feelings: pain, anger, fear. But the real question is, are we hurt? Are we mad? Are we scared? The question is, what do we do with these feelings? And do we keep her captive? Or turn it into fuel for renaissance? Islam didn't want the believer to be cold, not angry, chaotic, not paralyzed... but wanted him to be an effective believer: feel, move, build and repair. This session is trying to answer one pivotal question: how do we make inside the pain hope? And who's really angry? And fear is power",نحن نعيش زمنًا تتكاثر فيه المشاهد المؤلمة: ظلمٌ، قمعٌ، تشرّدٌ، قتلٌ، وتآمر على المستضعفين. مشاهد تصنع في داخل الإنسان المسلم ثلاثة مشاعر متلازمة: الألم، والغضب، والخوف.لكن السؤال الحقيقي ليس: هل نتألم؟ ولا: هل نغضب؟ ولا: هل نخاف؟بل السؤال هو: ماذا نصنع بهذه المشاعر؟ وهل نبقى أسرى لها؟ أم نحوّلها إلى وقود للنهضة؟الإسلام لم يرد للمؤمن أن يكون بارد المشاعر، ولا غاضبًا فوضويًا، ولا خائفًا مشلولًا… بل أراده مؤمنًا فاعلًا: يشعر، يتحرّك، يبني، ويُصلح. هذه الجلسة تحاول الإجابة عن سؤال واحد محوري: كيف نصنع من داخل الألم أملًا؟ ومن الغضب عملًا؟ ومن الخوف قوّة؟
12/28/2025,02:00 PM,02:45 PM,College & Young Professional,Fearless Faith: Speaking Truth in a Chaotic Times,Level 1 - GB S100A,"Muslims today are pressured into silence on issues like Palestine and justice. Yet Allah commands: “And let there be [arising] from you a nation inviting to [all that is] good, enjoining what is right and forbidding what is wrong...” (Āl ‘Imrān 3:104). This session revives the Prophetic legacy of speaking truth to oppressive powers, with wisdom and courage.",Yaser Birjas,,,Session,,,"Muslims today are pressured into silence on issues like Palestine and justice. Yet Allah commands: “And let there be [arising] from you a nation inviting to [all that is] good, enjoining what is right and forbidding what is wrong...” (Āl ‘Imrān 3:104). This session revives the Prophetic legacy of speaking truth to oppressive powers, with wisdom and courage.","Muslims today are pressured into silence on issues like Palestine and justice. Yet Allah commands: “And let there be [arising] from you a nation inviting to [all that is] good, enjoining what is right and forbidding what is wrong...” (Āl ‘Imrān 3:104). This session revives the Prophetic legacy of speaking truth to oppressive powers, with wisdom and courage."
12/28/2025,02:00 PM,02:45 PM,Youth,Between Fear and Faith: The Courage to Speak Truth,Level 4-N426,"Fear is real—fear of backlash, censorship, even losing friends or opportunities. But courage isn’t the absence of fear; it's standing up despite it. What does it truly mean to be a voice of truth in an era of silencing? From college campuses to online spaces, how do we channel prophetic courage to advocate for justice?",Tariq Musleh; Dunia Ghanimah,,,Session,,,"Fear is real—fear of backlash, censorship, even losing friends or opportunities. But courage isn’t the absence of fear; it's standing up despite it. What does it truly mean to be a voice of truth in an era of silencing? From college campuses to online spaces, how do we channel prophetic courage to advocate for justice?","Fear is real—fear of backlash, censorship, even losing friends or opportunities. But courage isn’t the absence of fear; it's standing up despite it. What does it truly mean to be a voice of truth in an era of silencing? From college campuses to online spaces, how do we channel prophetic courage to advocate for justice?"
12/28/2025,02:00 PM,02:45 PM,African Americam Track (MANA),Intentional Love: Strengthening Black Muslim Marriages from the Start,Level 1 - S104,,Faheem Shuaibe; Stephanie Bonner,,,Session,,,,
12/28/2025,02:00 PM,02:45 PM,MAS Tarbiya,From Tunnel Vision to the Horizon: Overcoming Limited Perspective & Narrow-mindedness,Level 1 - S103D,,Rami Bleibel; Mohammad Badawy,,,Session,,,,
12/28/2025,02:00 PM,02:45 PM,Parallel Program,Authoritarianism and Free Speech Under Threat - Amnesty International,Level 1 - S105A,,Kevin Zickterman; Ed Yohnka,,,Session,,,,
12/28/2025,02:00 PM,02:45 PM,MSA National,“For You Is Your Religion…”,Level 1 - S101,"Our MSAs are often plagued by debates that divide our ummah in settings that should be uniting us: Shia’a vs. Sunni, Hanafi vs Shafi’i, hand-slaughtered vs machine-cut, the list goes on. These debates have gone so far as to accuse some of not being Muslim due to their different schools of thoughts or Islamic upbringings. Allah SWT tells us “For you is your religion, and for me is mine,” but what happens when it is one religion that is experiencing a divide? As a result of our own actions, many MSAs are not all-encompassing of the Muslim population on campus. Some MSAs even split into multiple separate student organizations due to disrespect and tensions. Allah says in Surah Al-Anfal, وَأَطِيعُوا۟ ٱللَّهَ وَرَسُولَهُۥ وَلَا تَنَـٰزَعُوا۟ فَتَفْشَلُوا۟ وَتَذْهَبَ رِيحُكُمْ ۖ وَٱصْبِرُوٓا۟ ۚ إِنَّ ٱللَّهَ مَعَ ٱلصَّـٰبِرِينَ Obey God and His Messenger, and do not quarrel with one another, or you may lose heart and your spirit may desert you. Be steadfast: God is with the steadfast (8:46).How can we unite the Muslims on campus, regardless of their different schools of thought or sects of Islam? How do we address tensions from a prophetic perspective in dealing with differences with our Muslim brothers and sisters",Suleiman Hani,,,Session,,,"Our MSAs are often plagued by debates that divide our ummah in settings that should be uniting us: Shia’a vs. Sunni, Hanafi vs Shafi’i, hand-slaughtered vs machine-cut, the list goes on. These debates have gone so far as to accuse some of not being Muslim due to their different schools of thoughts or Islamic upbrings. Allah SWT tells us “For you is your religion, and for me is mine,” but what happens when it is one religion that is experiencing a divide? As a result of our own actions, many MSAs are not all-encompassing of the Muslim population on campus. Some MSAs even split into multiple separate student organizations due to disrespect and tensions. Allah schools say in Surah Al-Anfal, frame the differences tic and steward  brothers his brothers and spirit may dissolve our Mess. r s","Our MSAs are often plagued by debates that divide our ummah in settings that should be uniting us: Shia’a vs. Sunni, Hanafi vs Shafi’i, hand-slaughtered vs machine-cut, the list goes on. These debates have gone so far as to accuse some of not being Muslim due to their different schools of thoughts or Islamic upbringings. Allah SWT tells us “For you is your religion, and for me is mine,” but what happens when it is one religion that is experiencing a divide? As a result of our own actions, many MSAs are not all-encompassing of the Muslim population on campus. Some MSAs even split into multiple separate student organizations due to disrespect and tensions. Allah says in Surah Al-Anfal, وَأَطِيعُوا۟ ٱللَّهَ وَرَسُولَهُۥ وَلَا تَنَـٰزَعُوا۟ فَتَفْشَلُوا۟ وَتَذْهَبَ رِيحُكُمْ ۖ وَٱصْبِرُوٓا۟ ۚ إِنَّ ٱللَّهَ مَعَ ٱلصَّـٰبِرِينَ Obey God and His Messenger, and do not quarrel with one another, or you may lose heart and your spirit may desert you. Be steadfast: God is with the steadfast (8:46).How can we unite the Muslims on campus, regardless of their different schools of thought or sects of Islam? How do we address tensions from a prophetic perspective in dealing with differences with our Muslim brothers and sisters"
12/28/2025,02:00 PM,02:45 PM,BIS,Integrity at the Interface: Islamic Law and Ethics in a Complex World,Level 1 - S102A,"As Muslims engage with increasingly complex moral landscapes—at work, online, and in public life—clarity of ethics becomes vital. This session explores maqāṣid al-sharīʿah (the higher objectives of Islamic law) as a guiding framework for principled decision-making. Participants will examine how justice, mercy, and accountability illuminate moral choices and enable believers to lead with integrity—balancingfirmness of principle with adaptive wisdom.",Suheil Laher,,,Session,,,"As Muslims engage with increasingly complex moral landscapes—at work, online, and in public life—clarity of ethics becomes vital. This session explores maqāṣid al-sharīʿah (the higher objectives of Islamic law) as a guiding framework for principled decision-making. Participants will examine how justice, mercy, and accountability illuminate moral choices and enable believers to lead with integrity—balancingfirmness of principle with adaptive wisdom.","As Muslims engage with increasingly complex moral landscapes—at work, online, and in public life—clarity of ethics becomes vital. This session explores maqāṣid al-sharīʿah (the higher objectives of Islamic law) as a guiding framework for principled decision-making. Participants will examine how justice, mercy, and accountability illuminate moral choices and enable believers to lead with integrity—balancingfirmness of principle with adaptive wisdom."
12/28/2025,02:00 PM,02:45 PM,AMP,Survive and Thrive:  Your Responsibility as a Muslim During This Genocide,Level 1 - S102BC,,Hatem Bazian; Mohammed Elshinawy,,,Session,,,,
12/28/2025,02:00 PM,02:45 PM,Reverts,From Disbelievers to Messengers: Reverts Guiding a World Searching for Meaning,Level 1 - S105BC,"Join us for a talk-show panel discussion exploring how, in 2025, reverts turned the tide against media distortion, using TikTok, Instagram, and creative content to reveal Islam’s truth, justice, beauty, and mercy to a world in need of guidance. Allah reminds us: ‘You are the best nation produced [as an example] for mankind. You enjoin what is right and forbid what is wrong and believe in Allah.’ (Qur’an 3:110)",Wesley Lebron; Timothy Rodriguez; Javed Abdullah,,,Session,,,"Join us for a talk-show panel discussion exploring how, in 2025, reverts turned the tide against media distortion, using TikTok, Instagram, and creative content to reveal Islam’s truth, justice, beauty, and mercy to a world in need of guidance. Allah reminds us: ‘You are the best nation produced [as an example] for mankind. You enjoin what is right and forbid what is wrong and believe in Allah.’ (Qur’an 3:110)","Join us for a talk-show panel discussion exploring how, in 2025, reverts turned the tide against media distortion, using TikTok, Instagram, and creative content to reveal Islam’s truth, justice, beauty, and mercy to a world in need of guidance. Allah reminds us: ‘You are the best nation produced [as an example] for mankind. You enjoin what is right and forbid what is wrong and believe in Allah.’ (Qur’an 3:110)"
12/28/2025,02:00 PM,02:45 PM,FYI,From Me to We: Building a Stronger Marriage Team,Level 1 - S106,,"Alaa Shareef; Omar Shareef, MD, MBA",,,Session,,,,
12/28/2025,02:00 PM,02:45 PM,Quran Education (Bidaya),Foundational Skills for Mastery in Qur'an Memorization,Level 1 - S105D,,Ahmad Alsheikhi,,,Session,,,,
12/28/2025,02:00 PM,02:45 PM,Research,The Capability of Arab Muslim American Women to Care for Older Adults,Level 1 - S102D,,Randa Abdelrahim,,,Session,,,,
12/28/2025,02:00 PM,02:45 PM,Research,"Exploring the Concept of “Media Islam” through the Analytical Lenses of Representation, Normativity, and Identity",Level 1 - S102D,,Musa Maguire,,,Session,,,,
12/28/2025,03:15 PM,04:00 PM,MAIN,"Transformations in the United States Toward the Palestinian Cause: Reality, Prospects, and Strategic Investment",Level 3 - Hall B,"This session will explore the evolving landscape of public opinion in the United States regarding the Palestinian cause. It will examine shifts in the general American mood, as well as within the Democratic and Republican parties, against the backdrop of Israel’s genocidal war in Gaza and U.S. complicity. A central question will be whether these transformations are enduring or temporary, and how advocates can strategically engage with them to advance justice and policy change.This session will provide a descriptive and analytical framework for understanding these transformations and their diverse expressions. Identify the challenges and opportunities that accompany these shifts. Explore strategies to sustain, expand, and deepen momentum, moving from changes in public, partisan, and generational attitudes into the realm of policymaking. Examine counter-strategies employed by pro-Israel actors to suppress or reverse these transformations. Analyze how Islamophobia and xenophobia are weaponized to divert attention from genocide in Gaza and U.S. complicity. Assess the influence of the Zionist lobby and its allies in state institutions, particularly in suppressing freedom of expression and academic freedoms related to Palestine, and discuss effective methods of resistance.",Hatem Bazian; Osama Abuirshaid,,,Session,,,"This session will explore the evolving landscape of public opinion in the United States regarding the Palestinian cause. It will examine shifts in the general American mood, as well as within the Democratic and Republican parties, against the backdrop of Israel’s genocidal war in Gaza and U.S. complicity. A central question will be whether these transformations are enduring or temporary, and how advocates can strategically engage with them to advance justice and policy change.This session will provide a descriptive and analytical framework for understanding these transformations and their diverse expressions. Identify the challenges and opportunities that accompany these shifts. Explore strategies to sustain, expand, and deepen momentum, moving from changes in public, partisan, and generational attitudes into the realm of policymaking. Examine counter-strategies employed by pro-Israel actors to suppress or reverse these transformations. Analyze how Islamophobia and xenophobia are weaponized to divert attention from genocide in Gaza and U.S. complicity. Assess the influence of the Zionist lobby and its allies in state institutions, particularly in suppressing freedom of expression and academic freedoms related to Palestine, and discuss effective methods of resistance.","This session will explore the evolving landscape of public opinion in the United States regarding the Palestinian cause. It will examine shifts in the general American mood, as well as within the Democratic and Republican parties, against the backdrop of Israel’s genocidal war in Gaza and U.S. complicity. A central question will be whether these transformations are enduring or temporary, and how advocates can strategically engage with them to advance justice and policy change.This session will provide a descriptive and analytical framework for understanding these transformations and their diverse expressions. Identify the challenges and opportunities that accompany these shifts. Explore strategies to sustain, expand, and deepen momentum, moving from changes in public, partisan, and generational attitudes into the realm of policymaking. Examine counter-strategies employed by pro-Israel actors to suppress or reverse these transformations. Analyze how Islamophobia and xenophobia are weaponized to divert attention from genocide in Gaza and U.S. complicity. Assess the influence of the Zionist lobby and its allies in state institutions, particularly in suppressing freedom of expression and academic freedoms related to Palestine, and discuss effective methods of resistance."
12/28/2025,03:15 PM,04:00 PM,Parallel Program (Arabic),"""وجعلني مباركاً أينما كنتُ"" المؤمن كالغيث أينما حلّ نفع",Level 1 - S103ABC,في زمنٍ كثرت فيه الأزمات واضطربت فيه القيم، يبرز سؤالٌ جوهري: ما قيمة وجودنا في حياة الناس؟ هل نحن مجرّد عابرين في هذه الدنيا، أم رسلُ رحمةٍ وخيرٍ حيثما حللنا؟يحدّثنا القرآن على لسان عيسى عليه السلام بقوله: ﴿وَجَعَلَنِي مُبَارَكًا أَيْنَ مَا كُنتُ﴾ آيةٌ قصيرة في كلماتها، عميقة في معناها، ترسم ملامح الإنسان الذي لا يُقاس بقوّته ولا بشهرته، بل بأثره.وصفٌ بليغٌ قاله النبي ﷺ: “مثل المؤمن كمثل الغيث، أينما وقع نفع.” فالمؤمن الحقيقي ليس من يملأ المكان ضجيجًا، بل من يملأه خيرًا، وأمانًا، وطمأنينة، وبصيرة.هذه المحاضرة ليست عن المثاليات، بل عن كيف يصبح كل واحدٍ منّا مصدر بركة؟ في بيته، في عمله، في مجتمعه، في موقفه من الحق، وفي طريقه إلى الله.,Kifah Mustapha,,,Session,,,"In a time when crises have spread and values have irritated, there is a fundamental question: what is our existence in people's lives? Are we just passing through this world, or are we sending mercy and goodness wherever we solve? The Koran speaks to a tongue that has peace by saying: Brilliantly described by the Prophet, God prayed for him and peace: "" Like the believer, like the Gath, wherever it works. "" The true believer is not the one who fills the place with noise, but the one who fills it with good, safe, reassuring and vision. This lecture isn't about ideals, it's about how each of us becomes a pool source? In his home, in his work, in his community, in his position on the right, on his way to God.",في زمنٍ كثرت فيه الأزمات واضطربت فيه القيم، يبرز سؤالٌ جوهري: ما قيمة وجودنا في حياة الناس؟ هل نحن مجرّد عابرين في هذه الدنيا، أم رسلُ رحمةٍ وخيرٍ حيثما حللنا؟يحدّثنا القرآن على لسان عيسى عليه السلام بقوله: ﴿وَجَعَلَنِي مُبَارَكًا أَيْنَ مَا كُنتُ﴾ آيةٌ قصيرة في كلماتها، عميقة في معناها، ترسم ملامح الإنسان الذي لا يُقاس بقوّته ولا بشهرته، بل بأثره.وصفٌ بليغٌ قاله النبي ﷺ: “مثل المؤمن كمثل الغيث، أينما وقع نفع.” فالمؤمن الحقيقي ليس من يملأ المكان ضجيجًا، بل من يملأه خيرًا، وأمانًا، وطمأنينة، وبصيرة.هذه المحاضرة ليست عن المثاليات، بل عن كيف يصبح كل واحدٍ منّا مصدر بركة؟ في بيته، في عمله، في مجتمعه، في موقفه من الحق، وفي طريقه إلى الله.
12/28/2025,03:15 PM,04:00 PM,College & Young Professional,Balancing the Scale,Level 1 - GB S100A,"AMERICA! Where we live to work and the rest of the world works to live. In every chapter of your life it may seem that there is too much going on. Whether you are a college student balancing your workload with your job, family, friends, and much more. Whether you are a newlywed balancing the new environment as well as the extended family you just gained. Or even a new parent where you've welcomed a baby into your lives and are now responsible for another life. It seems as though the responsibilities just keep piling up. How do we learn to balance our time where we don't get overwhelmed? We tend to not realize how much of our precious time we waste on meaningless things when we can be focusing on a lot more that matters. Remember the hadith عَنِ ابْنِ عَبَّاسٍ قَالَ قَالَ رَسُولُ اللَّهِ صَلَّى اللَّهُ عَلَيْهِ وَسَلَّمَ لِرَجُلٍ وَهُوَ يَعِظُهُ اغْتَنِمْ خَمْسًا قَبْلَ خَمْسٍ شَبَابَكَ قَبْلَ هَرَمِكَ وَصِحَّتَكَ قَبْلَ سَقَمِكَ وَغِنَاكَ قَبْلَ فَقْرِكَ وَفَرَاغَكَ قَبْلَ شُغُلِكَ وَحَيَاتَكَ قَبْلَ مَوْتِكَ“Take benefit of five before five: Your youth before your old age, your health before your sickness, your wealth before your poverty, your free time before you are preoccupied, and your life before your death” (Narrated by Ibn Abbas and reported by Al Hakim)",Abdulnasir Jangda,,,Session,,,"Where we live to work and the rest of the world works to live. In every chapter of your life it may seem that there is too much going on. Whether you are a college student balancing your workload with your job, family, friends, and much more. Whether you are a newlywed balancing the new environment as well as the extended family you just gained. Or even a new parent where you've welcomed a baby into your lives and are now responsible for another life. It seems as though the responsibilities just keep piling up. How do we learn to balance our time where we don't get overwhelmed? We tend to not realize how much of our precious time we waste on meaningless things when we can be focusing on a lot more that matters. Remember the five-year-old son of your sickness said that he had arrived before your life was served","AMERICA! Where we live to work and the rest of the world works to live. In every chapter of your life it may seem that there is too much going on. Whether you are a college student balancing your workload with your job, family, friends, and much more. Whether you are a newlywed balancing the new environment as well as the extended family you just gained. Or even a new parent where you've welcomed a baby into your lives and are now responsible for another life. It seems as though the responsibilities just keep piling up. How do we learn to balance our time where we don't get overwhelmed? We tend to not realize how much of our precious time we waste on meaningless things when we can be focusing on a lot more that matters. Remember the hadith عَنِ ابْنِ عَبَّاسٍ قَالَ قَالَ رَسُولُ اللَّهِ صَلَّى اللَّهُ عَلَيْهِ وَسَلَّمَ لِرَجُلٍ وَهُوَ يَعِظُهُ اغْتَنِمْ خَمْسًا قَبْلَ خَمْسٍ شَبَابَكَ قَبْلَ هَرَمِكَ وَصِحَّتَكَ قَبْلَ سَقَمِكَ وَغِنَاكَ قَبْلَ فَقْرِكَ وَفَرَاغَكَ قَبْلَ شُغُلِكَ وَحَيَاتَكَ قَبْلَ مَوْتِكَ“Take benefit of five before five: Your youth before your old age, your health before your sickness, your wealth before your poverty, your free time before you are preoccupied, and your life before your death” (Narrated by Ibn Abbas and reported by Al Hakim)"
12/28/2025,03:15 PM,04:00 PM,Youth,Talking Taboo,Level 4-N426,"Welcome to “Talking Taboo,” an open, Ask Me Anything session where we confront and unpack those often avoided and uneasy topics that are usually sidestepped in our Muslim communities. It’s time to break the silence, engage in genuine dialogue, and address these significant, yet frequently muted subjects. We're crafting a secure and supportive environment, a place where everyone can explore, inquire, and share their thoughts and experiences.",Yaser Birjas; Amany Suleiman,,,Session,,,"Welcome to “Talking Taboo,” an open, Ask Me Anything session where we confront and unpack those often avoided and uneasy topics that are usually sidestepped in our Muslim communities. It’s time to break the silence, engage in genuine dialogue, and address these significant, yet frequently muted subjects. We're crafting a secure and supportive environment, a place where everyone can explore, inquire, and share their thoughts and experiences.","Welcome to “Talking Taboo,” an open, Ask Me Anything session where we confront and unpack those often avoided and uneasy topics that are usually sidestepped in our Muslim communities. It’s time to break the silence, engage in genuine dialogue, and address these significant, yet frequently muted subjects. We're crafting a secure and supportive environment, a place where everyone can explore, inquire, and share their thoughts and experiences."
12/28/2025,03:15 PM,04:00 PM,African Americam Track (MANA),Spiritual Rejuvenation & Healing: Restoring the Heart of the Community,Level 1 - S104,,Angelica Lindsey-Ali; Adeyinka Muhammad Mendes,,,Session,,,,
12/28/2025,03:15 PM,04:00 PM,MAS Tarbiya,Before You Click Share: The Dangers of Rushing to Judgment,Level 1 - S103D,,Sameera Ahmed; Lobna Mulla,,,Session,,,,
12/28/2025,03:15 PM,04:00 PM,Parallel Program,Panel DIscussion Proactive and Reactive Responses to ICE,Level 1 - S105A,"Recent increases in ICE activity have resurfaced fear and anxiety within Muslim and immigrant communities across the country. Families are worried, Masājid are uncertain about their responsibilities, and many individuals feel unprepared for encounters with law enforcement. This panel brings together a community organizer, an immigration lawyer, and an advocate who directly represents detained immigrants to provide a holistic, grounded response to this moment. Together, they will address both proactive and reactive measures—equipping attendees with critical knowledge, legal tools, community strategies, and faith-based guidance. Instead of reacting through fear or misinformation, this session will empower participants to move with clarity, preparation, and unity. Attendees will gain practical steps for protecting themselves, their families, and their institutions, while understanding the Islamic principles that anchor us during periods of pressure, injustice, and uncertainty.This is not just a conversation about danger—it is a roadmap toward resilience, advocacy, and collective strength.",Esam Omeish; Shereef Akeel; Marwa Al-Qudeh,,,Session,,,"Recent increases in ICE activity have resurfaced fear and anxiety within Muslim and immigrant communities across the country. Families are worried, Masājid are uncertain about their responsibilities, and many individuals feel unprepared for encounters with law enforcement. This panel brings together a community organizer, an immigration lawyer, and an advocate who directly represents detained immigrants to provide a holistic, grounded response to this moment. Together, they will address both proactive and reactive measures—equipping attendees with critical knowledge, legal tools, community strategies, and faith-based guidance. Instead of reacting through fear or misinformation, this session will empower participants to move with clarity, preparation, and unity. Attendees will gain practical steps for protecting themselves, their families, and their institutions, while understanding the Islamic principles that anchor us during periods of pressure, injustice, and uncertainty.This is not just a conversation about danger—it is a roadmap toward resilience, advocacy, and collective strength.","Recent increases in ICE activity have resurfaced fear and anxiety within Muslim and immigrant communities across the country. Families are worried, Masājid are uncertain about their responsibilities, and many individuals feel unprepared for encounters with law enforcement. This panel brings together a community organizer, an immigration lawyer, and an advocate who directly represents detained immigrants to provide a holistic, grounded response to this moment. Together, they will address both proactive and reactive measures—equipping attendees with critical knowledge, legal tools, community strategies, and faith-based guidance. Instead of reacting through fear or misinformation, this session will empower participants to move with clarity, preparation, and unity. Attendees will gain practical steps for protecting themselves, their families, and their institutions, while understanding the Islamic principles that anchor us during periods of pressure, injustice, and uncertainty.This is not just a conversation about danger—it is a roadmap toward resilience, advocacy, and collective strength."
12/28/2025,03:15 PM,04:00 PM,MSA National,“And being dutiful to parents…”,Level 1 - S101,"For many of us, college is our first time away from our families. Whether we live away from home for school, or spend countless hours on campus for extracurriculars and studying, our time with family is sometimes nonexistent. There is oftentimes a guilt associated with spending less time with family in exchange for pursuing a career. Allah SWT tells us in Surah Al-Isra, ۞ وَقَضَىٰ رَبُّكَ أَلَّا تَعْبُدُوٓا۟ إِلَّآ إِيَّاهُ وَبِٱلْوَٰلِدَيْنِ إِحْسَـٰنًا ۚ إِمَّا يَبْلُغَنَّ عِندَكَ ٱلْكِبَرَ أَحَدُهُمَآ أَوْ كِلَاهُمَا فَلَا تَقُل لَّهُمَآ أُفٍّۢ وَلَا تَنْهَرْهُمَا وَقُل لَّهُمَا قَوْلًۭا كَرِيمًۭا Your Lord has commanded that you should worship none but Him, and that you be kind to your parents. If either or both of them reach old age with you, say no word that shows impatience with them, and do not be harsh with them, but speak to them respectfully (17:23). What does Islam tell us about our duties to our family? How can we balance both our responsibilities to our parents and to our futures? On the other hand, how do I balance my newfound independence with obeying my parents and their wishes?",Suzy Ismail,,,Session,,,"For many of us, college is our first time away from our families. Whether we live away from home for school, or spend countless hours on campus for extracurriculars and studying, our time with family is sometimes nonexistent. There is oftentimes a guilt associated with spending less time with family in exchange for pursuing a career. All kind of SWT tells us in Surah Al-Isra, ۞ may you not worship your parents yet. If either or both of them reach old age with you, say no word that shows impatience with them, and do not be harsh with them, but speak to them respectfully (17:23). What does Islam tell us about our duties to our family? How can we balance both our responsibilities to our parents and to our futures? On the other hand, how do I balance my newfound independence with obeying my parents and their wishes?","For many of us, college is our first time away from our families. Whether we live away from home for school, or spend countless hours on campus for extracurriculars and studying, our time with family is sometimes nonexistent. There is oftentimes a guilt associated with spending less time with family in exchange for pursuing a career. Allah SWT tells us in Surah Al-Isra, ۞ وَقَضَىٰ رَبُّكَ أَلَّا تَعْبُدُوٓا۟ إِلَّآ إِيَّاهُ وَبِٱلْوَٰلِدَيْنِ إِحْسَـٰنًا ۚ إِمَّا يَبْلُغَنَّ عِندَكَ ٱلْكِبَرَ أَحَدُهُمَآ أَوْ كِلَاهُمَا فَلَا تَقُل لَّهُمَآ أُفٍّۢ وَلَا تَنْهَرْهُمَا وَقُل لَّهُمَا قَوْلًۭا كَرِيمًۭا Your Lord has commanded that you should worship none but Him, and that you be kind to your parents. If either or both of them reach old age with you, say no word that shows impatience with them, and do not be harsh with them, but speak to them respectfully (17:23). What does Islam tell us about our duties to our family? How can we balance both our responsibilities to our parents and to our futures? On the other hand, how do I balance my newfound independence with obeying my parents and their wishes?"
12/28/2025,03:15 PM,04:00 PM,BIS,Serving the Ummah: From the BIS Classroom to Community Leadership,Level 1 - S102A,"This inspiring session demonstrates how BIS transforms faith into action. Through heartfelt narratives and practical reflections, current students and alumni share how their Seminary journey deepened their spirituality and empowered them to lead with compassion and excellence—in education, chaplaincy, civic service, and digital outreach.",Ismahan Abdullahi,,,Session,,,"This inspiring session demonstrates how BIS transforms faith into action. Through heartfelt narratives and practical reflections, current students and alumni share how their Seminary journey deepened their spirituality and empowered them to lead with compassion and excellence—in education, chaplaincy, civic service, and digital outreach.","This inspiring session demonstrates how BIS transforms faith into action. Through heartfelt narratives and practical reflections, current students and alumni share how their Seminary journey deepened their spirituality and empowered them to lead with compassion and excellence—in education, chaplaincy, civic service, and digital outreach."
12/28/2025,03:15 PM,04:00 PM,AMP,International Accountability: Removing Israel’s Cloak of Immunity,Level 1 - S102BC,,Tarek Khalil; Alicia Koutsoulieris,,,Session,,,,
12/28/2025,03:15 PM,04:00 PM,Reverts,The Revert as Healer: Responding to Non-Muslims' Pain with Qur’anic Compassion,Level 1 - S105BC,"In 2025, as racism and hatred scar our streets and hearts, reverts are called to answer pain not with anger, but with love, mercy, and compassionate action, illuminating the path with Islam’s timeless guidance. Allah says: ‘Invite to the way of your Lord with wisdom and good instruction, and argue with them in a way that is best.’ (Qur’an 16:125)",Tariq El Amin,,,Session,,,"In 2025, as racism and hatred scar our streets and hearts, reverts are called to answer pain not with anger, but with love, mercy, and compassionate action, illuminating the path with Islam’s timeless guidance. Allah says: ‘Invite to the way of your Lord with wisdom and good instruction, and argue with them in a way that is best.’ (Qur’an 16:125)","In 2025, as racism and hatred scar our streets and hearts, reverts are called to answer pain not with anger, but with love, mercy, and compassionate action, illuminating the path with Islam’s timeless guidance. Allah says: ‘Invite to the way of your Lord with wisdom and good instruction, and argue with them in a way that is best.’ (Qur’an 16:125)"
12/28/2025,03:15 PM,04:00 PM,FYI,Love Translated: Parenting Through the Five Love Languages,Level 1 - S106,,Duaa Haggag,,,Session,,,,
12/28/2025,03:15 PM,04:00 PM,Quran Education (Bidaya),The Concept of Reform Within the Family of the Qur'an Student,Level 1 - S105D,,Ahmad Alsheikhi,,,Session,,,,
12/28/2025,03:15 PM,04:00 PM,Research,Briefing for the Community on the Muslim American Research Collective,Level 1 - S102D,"This session will give you the background and rationale for incubating a new vision for research that benefits American Muslims. We will discover together the past and current efforts to conduct research for American Muslims and why a new effort is needed that is holistic, inclusive, and sustainable.",Ayaz Hyder,,,Session,,,"This session will give you the background and rationale for incubating a new vision for research that benefits American Muslims. We will discover together the past and current efforts to conduct research for American Muslims and why a new effort is needed that is holistic, inclusive, and sustainable.","This session will give you the background and rationale for incubating a new vision for research that benefits American Muslims. We will discover together the past and current efforts to conduct research for American Muslims and why a new effort is needed that is holistic, inclusive, and sustainable."
12/28/2025,04:00 PM,06:00 PM,Oaktree Institute,The Organizational Clinic: Get Expert Help for Your Non-Profit (Sign up required),,"Organizational Clinic: Get Expert Help for Your NonprofitTime: 20-minute appointments within a 2-hour windowFormat: Open Consulting SessionsSpeaker(s): OTI ExpertsDescription: This open clinic offers organizations the chance to book a 20-minute consultation to discuss pressing challenges—from governance to volunteer management or internal conflict. Participants will receive personalized guidance, practical recommendations, and clarity on their next steps.Visit oaktreeinstitute.org to reserve your spot.",,,,Session,,,"Organizational Clinic: Get Expert Help for Your NonprofitTime: 20-minute appointments within a 2-hour windowFormat: Open Consulting SessionsSpeaker(s): OTI ExpertsDescription: This open clinic offers organizations the chance to book a 20-minute consultation to discuss pressing challenges—from governance to volunteer management or internal conflict. Participants will receive personalized guidance, practical recommendations, and clarity on their next steps.Visit oaktreeinstitute.org to reserve your spot.","Organizational Clinic: Get Expert Help for Your NonprofitTime: 20-minute appointments within a 2-hour windowFormat: Open Consulting SessionsSpeaker(s): OTI ExpertsDescription: This open clinic offers organizations the chance to book a 20-minute consultation to discuss pressing challenges—from governance to volunteer management or internal conflict. Participants will receive personalized guidance, practical recommendations, and clarity on their next steps.Visit oaktreeinstitute.org to reserve your spot."
12/28/2025,05:00 PM,06:00 PM,College & Young Professional,Hot Tea on Taboo - Conversations we Avoid,Level 1-S104,"There are questions we all think about but rarely say out loud topics that feel too awkward, too heavy, or too “off-limits” to bring up in everyday spaces. This session is your chance to lay it all on the table. Nothing is off limits, no question is too small or too bold. Bring your toughest thoughts, your curiosities, and even the things you’ve been holding back because here, we’ll sip the tea, tackle the taboo, and create an open, honest space guided by respect and faith.",Alaa Shareef,,,Session,,,"There are questions we all think about but rarely say out loud topics that feel too awkward, too heavy, or too “off-limits” to bring up in everyday spaces. This session is your chance to lay it all on the table. Nothing is off limits, no question is too small or too bold. Bring your toughest thoughts, your curiosities, and even the things you’ve been holding back because here, we’ll sip the tea, tackle the taboo, and create an open, honest space guided by respect and faith.","There are questions we all think about but rarely say out loud topics that feel too awkward, too heavy, or too “off-limits” to bring up in everyday spaces. This session is your chance to lay it all on the table. Nothing is off limits, no question is too small or too bold. Bring your toughest thoughts, your curiosities, and even the things you’ve been holding back because here, we’ll sip the tea, tackle the taboo, and create an open, honest space guided by respect and faith."
12/28/2025,05:00 PM,06:00 PM,College & Young Professional,Women's Entertainment by EMMA Foundation (WOMEN ONLY),Level 1 - GB S100A,,,,,Session,,,,
12/28/2025,05:00 PM,06:00 PM,Professional Society (AMPS),"Creative Arts, Media & Communications Networking By MAS YP Lighthouse x AMPS",Hyatt Regency Ballrooms CDE,,,,,Session,,,,
12/28/2025,05:00 PM,06:00 PM,Parallel Program,Protect Your Life & Legacy Program: Sharia Compliant Life Insurance and Islamic Wills,Level 1 - S102BC,"Many Muslims believe life insurance is haram, leaving families financially unprotected and Islamic obligations unmet. This workshop explains how Sharia compliant life insurance solutions can exist in the U.S., addresses common misconceptions, and clarifies when protecting your family is a responsibility.We will also discuss the importance of Islamic wills, how U.S. law affects them, and the growing reality that janazah and burial costs in the U.S. are at an all time high. Many Muslim families are left struggling financially at the most difficult moment of their lives, often relying on emergency fundraisers or community support.This educational session offers practical, faith aligned solutions to help families prepare responsibly and protect their loved ones with clarity, confidence, and peace of mind.",Osama Estwani; Ikhlas Insurance,,,Session,,,"Many Muslims believe life insurance is haram, leaving families financially unprotected and Islamic obligations unmet. This workshop explains how Sharia compliant life insurance solutions can exist in the U.S., addresses common misconceptions, and clarifies when protecting your family is a responsibility.We will also discuss the importance of Islamic wills, how U.S. law affects them, and the growing reality that janazah and burial costs in the U.S. are at an all time high. Many Muslim families are left struggling financially at the most difficult moment of their lives, often relying on emergency fundraisers or community support.This educational session offers practical, faith aligned solutions to help families prepare responsibly and protect their loved ones with clarity, confidence, and peace of mind.","Many Muslims believe life insurance is haram, leaving families financially unprotected and Islamic obligations unmet. This workshop explains how Sharia compliant life insurance solutions can exist in the U.S., addresses common misconceptions, and clarifies when protecting your family is a responsibility.We will also discuss the importance of Islamic wills, how U.S. law affects them, and the growing reality that janazah and burial costs in the U.S. are at an all time high. Many Muslim families are left struggling financially at the most difficult moment of their lives, often relying on emergency fundraisers or community support.This educational session offers practical, faith aligned solutions to help families prepare responsibly and protect their loved ones with clarity, confidence, and peace of mind."
12/28/2025,06:15 PM,06:31 PM,MAIN,"""Sufficient for us is Allah, and He is the best Disposer of affairs.’”  حَسْبُنَا اللَّهُ وَنِعْمَ الْوَكِيلُ",Main Hall,,Abdulnasir Jangda,,,Session,,,,
12/28/2025,06:31 PM,06:47 PM,MAIN,What's the Worst You Can Do to Me?,Main Hall,"Do you think I'm afraid? Do you think I will cower? Do you want me to change my identity to please you? The west has ostrocised Islam and Muslims, even to the point of terrorizing us so that we hide our identities. But these lies and tactics will not work. These tactics have demonized the innocent, have victimized criminals, and have now been exposed. We are not afraid of who we are, and we are not afraid of our connection with Allah SWT:لَن يَضُرُّوكُمْ إِلَّا أَذًى ۖ وَإِن يُقَاتِلُوكُمْ يُوَلُّوكُمُ الْأَدْبَارَ ثُمَّ لَا يُنصَرُونَThey will not harm you except for [some] annoyance. And if they fight you, they will show you their backs; then they will not be aided. (3:111)",Ieasha Prime,,,Session,,,"Do you think I'm afraid? Do you think I will cower? Do you want me to change my identity to please you? The west has ostrocised Islam and Muslims, even to the point of terrorizing us so that we hide our identities. But these lies and tactics will not work. These tactics have demonized the innocent, have victimized criminals, and have now been exposed. We are not afraid of who we are, and we are not afraid of our connec ance with Allah SWT: won't hurt you ۖ and will not harm you except for [some] annoy And if they fight you, they will show you their backs; then they will not be aided. (3:111)","Do you think I'm afraid? Do you think I will cower? Do you want me to change my identity to please you? The west has ostrocised Islam and Muslims, even to the point of terrorizing us so that we hide our identities. But these lies and tactics will not work. These tactics have demonized the innocent, have victimized criminals, and have now been exposed. We are not afraid of who we are, and we are not afraid of our connection with Allah SWT:لَن يَضُرُّوكُمْ إِلَّا أَذًى ۖ وَإِن يُقَاتِلُوكُمْ يُوَلُّوكُمُ الْأَدْبَارَ ثُمَّ لَا يُنصَرُونَThey will not harm you except for [some] annoyance. And if they fight you, they will show you their backs; then they will not be aided. (3:111)"
12/28/2025,06:47 PM,07:03 PM,MAIN,This Too Shall Pass,Main Hall,"One of the most humbling quotes of all time. It is the perfect reminder that this life, this dunya is not the end game. Although we experience a wide spectrum of life's up and downs that we are working towards our akhira. When you sit down at the end of an amazing day and think to yourself well this might just be one of the best days of my life remember that this too shall pass that no matter how good these times feel, that it won't last forever. The top of the rollercoaster is only at the top for so long before it comes down. When you're at your lowest point and the roller coaster hits the bottom in the tunnel that's pitch black also remember this too shall pass... that eventually the roller coaster comes back up. Remember Allah swt tells us in surat Al Baqara ayah 286 لَا يُكَلِّفُ ٱللَّهُ نَفْسًا إِلَّا وُسْعَهَا ۚ لَهَا مَا كَسَبَتْ وَعَلَيْهَا مَا ٱكْتَسَبَتْ ۗ رَبَّنَا لَا تُؤَاخِذْنَآ إِن نَّسِينَآ أَوْ أَخْطَأْنَا ۚ رَبَّنَا وَلَا تَحْمِلْ عَلَيْنَآ إِصْرًۭا كَمَا حَمَلْتَهُۥ عَلَى ٱلَّذِينَ مِن قَبْلِنَا ۚ رَبَّنَا وَلَا تُحَمِّلْنَا مَا لَا طَاقَةَ لَنَا بِهِۦ ۖ وَٱعْفُ عَنَّا وَٱغْفِرْ لَنَا وَٱرْحَمْنَآ ۚ أَنتَ مَوْلَىٰنَا فَٱنصُرْنَا عَلَى ٱلْقَوْمِ ٱلْكَـٰفِرِينَ ٢٨٦Allah does not require of any soul more than what it can afford. All good will be for its own benefit, and all evil will be to its own loss. ˹The believers pray,˺ “Our Lord! Do not punish us if we forget or make a mistake. Our Lord! Do not place a burden on us like the one you placed on those before us. Our Lord! Do not burden us with what we cannot bear. Pardon us, forgive us, and have mercy on us. You are our ˹only˺ Guardian. So grant us victory over the disbelieving people.”",,,,Session,,,"One of the most humbling quotes of all time. It is the perfect reminder that this life, this dunya is not the end game. Although we experience a wide spectrum of life's up and downs that we are working towards our akhira. When you sit down at the end of an amazing day and think to yourself well this might just be one of the best days of my life remember that this too shall pass that no matter how good these times feel, that it won't last forever. The top of the rollercoaster is only at the top for so long before it comes down. When you're at your lowest point and the roller coaster hits the bottom in the tunnel that's pitch black also remember this too shall pass... That eventually the coaster comes back. All good will be for its own benefit, and all evil will be to its own loss. Do not punish us if we forget or make a mistake. Our Lord, Do not place a burden on us like the one you placed on those before us. Pardon us, forgive us, and have mercy on us. So grant us victory over the disbelieving people.”","One of the most humbling quotes of all time. It is the perfect reminder that this life, this dunya is not the end game. Although we experience a wide spectrum of life's up and downs that we are working towards our akhira. When you sit down at the end of an amazing day and think to yourself well this might just be one of the best days of my life remember that this too shall pass that no matter how good these times feel, that it won't last forever. The top of the rollercoaster is only at the top for so long before it comes down. When you're at your lowest point and the roller coaster hits the bottom in the tunnel that's pitch black also remember this too shall pass... that eventually the roller coaster comes back up. Remember Allah swt tells us in surat Al Baqara ayah 286 لَا يُكَلِّفُ ٱللَّهُ نَفْسًا إِلَّا وُسْعَهَا ۚ لَهَا مَا كَسَبَتْ وَعَلَيْهَا مَا ٱكْتَسَبَتْ ۗ رَبَّنَا لَا تُؤَاخِذْنَآ إِن نَّسِينَآ أَوْ أَخْطَأْنَا ۚ رَبَّنَا وَلَا تَحْمِلْ عَلَيْنَآ إِصْرًۭا كَمَا حَمَلْتَهُۥ عَلَى ٱلَّذِينَ مِن قَبْلِنَا ۚ رَبَّنَا وَلَا تُحَمِّلْنَا مَا لَا طَاقَةَ لَنَا بِهِۦ ۖ وَٱعْفُ عَنَّا وَٱغْفِرْ لَنَا وَٱرْحَمْنَآ ۚ أَنتَ مَوْلَىٰنَا فَٱنصُرْنَا عَلَى ٱلْقَوْمِ ٱلْكَـٰفِرِينَ ٢٨٦Allah does not require of any soul more than what it can afford. All good will be for its own benefit, and all evil will be to its own loss. ˹The believers pray,˺ “Our Lord! Do not punish us if we forget or make a mistake. Our Lord! Do not place a burden on us like the one you placed on those before us. Our Lord! Do not burden us with what we cannot bear. Pardon us, forgive us, and have mercy on us. You are our ˹only˺ Guardian. So grant us victory over the disbelieving people.”"
12/28/2025,07:03 PM,07:20 PM,MAIN,"Anchored by Faith: Together, We Rise",Main Hall,"In moments of global turmoil, social fragmentation, and personal uncertainty, believers are not meant to merely endure the storm—they are meant to rise through it. Our strength comes from being anchored in divine truth and guided by Allah, whose wisdom and justice extend far beyond the chaos around us. This talk explores how Muslims can move from survival mode to a state of spiritual strength, communal resilience, and moral clarity.When fear spreads, faith becomes our anchor. When confusion dominates, revelation becomes our compass. And when the world fractures, unity becomes our power. Now is the time for the Ummah to stand together—faithful in heart, focused in mission, and fearless in conviction—so we can rise collectively, respond courageously, and be agents of light in an age overwhelmed by darkness.",Siraj Wahhaj,,,Session,,,"In moments of global turmoil, social fragmentation, and personal uncertainty, believers are not meant to merely endure the storm—they are meant to rise through it. Our strength comes from being anchored in divine truth and guided by Allah, whose wisdom and justice extend far beyond the chaos around us. This talk explores how Muslims can move from survival mode to a state of spiritual strength, communal resilience, and moral clarity.When fear spreads, faith becomes our anchor. When confusion dominates, revelation becomes our compass. And when the world fractures, unity becomes our power. Now is the time for the Ummah to stand together—faithful in heart, focused in mission, and fearless in conviction—so we can rise collectively, respond courageously, and be agents of light in an age overwhelmed by darkness.","In moments of global turmoil, social fragmentation, and personal uncertainty, believers are not meant to merely endure the storm—they are meant to rise through it. Our strength comes from being anchored in divine truth and guided by Allah, whose wisdom and justice extend far beyond the chaos around us. This talk explores how Muslims can move from survival mode to a state of spiritual strength, communal resilience, and moral clarity.When fear spreads, faith becomes our anchor. When confusion dominates, revelation becomes our compass. And when the world fractures, unity becomes our power. Now is the time for the Ummah to stand together—faithful in heart, focused in mission, and fearless in conviction—so we can rise collectively, respond courageously, and be agents of light in an age overwhelmed by darkness."
12/28/2025,07:20 PM,07:40 PM,MAIN,"Words of Appreciattion, Convention Chair Farewell & Duaa",Main Hall,,,,,Session,,,,
12/28/2025,07:40 PM,10:30 PM,MAIN,Night of Solidarity,Main Hall,,,,,Session,,,,
12/28/2025,10:30 PM,11:00 PM,,Qiyam ul Layl,Grand Ballroom Foyer,,,,,Session,,,,
